,Pressure,Temperature,Phase,Mass,S,H,V,Cp,Vis,F,Structure,Formula,SiO2,TiO2,Al2O3,Fe2O3,FeO,MnO,MgO,CaO,Na2O,K2O,Mg#
0,12000.00,1673.15,liquid_0,97.412395,275.876628,-1115935.658816,34.457509,146.320267,1.508,0.9965633474437688,,,48.9364,1.17946,17.0706,1.09767,10.1015,0.153985,8.68671,9.64325,2.61716,0.513282,60.5
1,12000.00,1673.15,orthopyroxene_0,0.995403,2.580825,-12225.803857,0.309233,1.280809,,0.9965633474437688,,opx,Na0.00Ca0.06Fe''0.27Mg1.57Fe'''0.02Ti0.00Al0.17Si1.90O6,54.2383,0.105978,4.13229,0.671565,9.21523,0,29.9446,1.63565,0.0563896,0
0,12000.00,1671.15,liquid_0,97.078610,274.747807,-1112278.855526,34.335314,145.770098,1.518,0.9965789167965229,,,48.9183,1.18315,17.115,1.09904,10.1044,0.154514,8.61386,9.6707,2.62596,0.515047,60.3
1,12000.00,1671.15,orthopyroxene_0,0.334776,0.867371,-4110.448187,0.103966,0.430562,,0.9965789167965229,,opx,Na0.00Ca0.06Fe''0.27Mg1.56Fe'''0.02Ti0.00Al0.17Si1.90O6,54.2077,0.106364,4.15103,0.673922,9.27045,0,29.8758,1.65779,0.0569993,0
0,12000.00,1669.15,liquid_0,96.747484,273.627718,-1108653.464619,34.214113,145.224544,1.528,0.9965942641223197,,,48.9003,1.18684,17.1593,1.1004,10.1072,0.155043,8.54133,9.69805,2.63475,0.516809,60.1
1,12000.00,1669.15,orthopyroxene_0,0.332117,0.859869,-4076.440591,0.103105,0.426941,,0.9965942641223197,,opx,Na0.00Ca0.06Fe''0.27Mg1.56Fe'''0.02Ti0.00Al0.17Si1.90O6,54.177,0.106737,4.16969,0.676256,9.32605,0,29.8064,1.68033,0.0576167,0
0,12000.00,1667.15,liquid_0,96.418975,272.516232,-1105059.010928,34.093892,144.683534,1.538,0.9966093897373535,,,48.8824,1.19052,17.2035,1.10174,10.1097,0.155571,8.46912,9.72529,2.64353,0.51857,59.9
1,12000.00,1667.15,orthopyroxene_0,0.329500,0.852480,-4042.940778,0.102257,0.423374,,0.9966093897373535,,opx,Na0.00Ca0.06Fe''0.28Mg1.56Fe'''0.02Ti0.00Al0.17Si1.90O6,54.1462,0.107095,4.18827,0.678565,9.38201,0,29.7364,1.70329,0.0582418,0
0,12000.00,1665.15,liquid_0,96.093044,271.413218,-1101495.025333,33.974635,144.147002,1.548,0.9966242938640572,,,48.8647,1.19419,17.2476,1.10307,10.1121,0.156099,8.39723,9.75242,2.6523,0.520329,59.7
1,12000.00,1665.15,orthopyroxene_0,0.326923,0.845205,-4009.942215,0.101421,0.419861,,0.9966242938640572,,opx,Na0.00Ca0.07Fe''0.28Mg1.56Fe'''0.02Ti0.00Al0.17Si1.90O6,54.1153,0.107439,4.20677,0.680849,9.43834,0,29.6658,1.72667,0.0588748,0
0,12000.00,1663.15,liquid_0,95.769649,270.318549,-1097961.044564,33.856329,143.614879,1.558,0.9966389766296648,,,48.847,1.19786,17.2916,1.10439,10.1143,0.156626,8.32565,9.77944,2.66105,0.522086,59.5
1,12000.00,1663.15,orthopyroxene_0,0.324385,0.838040,-3977.438587,0.100599,0.416402,,0.9966389766296648,,opx,Na0.00Ca0.07Fe''0.28Mg1.55Fe'''0.02Ti0.00Al0.18Si1.90O6,54.0843,0.107769,4.22518,0.683108,9.49504,0,29.5946,1.75049,0.0595159,0
0,12000.00,1661.15,liquid_0,95.448751,269.232099,-1094456.610998,33.738957,143.087099,1.567,0.9966534380656066,,,48.8295,1.20152,17.3354,1.1057,10.1163,0.157152,8.25439,9.80635,2.6698,0.523841,59.3
1,12000.00,1661.15,orthopyroxene_0,0.321887,0.830986,-3945.423789,0.099789,0.412994,,0.9966534380656066,,opx,Na0.00Ca0.07Fe''0.28Mg1.55Fe'''0.02Ti0.00Al0.18Si1.90O6,54.0533,0.108083,4.2435,0.68534,9.55211,0,29.5228,1.77476,0.0601651,0
0,12000.00,1659.15,liquid_0,95.130313,268.153744,-1090981.272460,33.622506,142.563596,1.577,0.9966676781035005,,,48.8122,1.20518,17.3792,1.10699,10.1181,0.157678,8.18344,9.83315,2.67853,0.525595,59.0
1,12000.00,1659.15,orthopyroxene_0,0.319428,0.824039,-3913.891925,0.098992,0.409639,,0.9966676781035005,,opx,Na0.00Ca0.07Fe''0.28Mg1.55Fe'''0.02Ti0.00Al0.18Si1.90O6,54.0221,0.108382,4.26174,0.687546,9.60956,0,29.4503,1.79949,0.0608227,0
0,12000.00,1657.15,liquid_0,94.814294,267.083362,-1087534.582028,33.506962,142.044304,1.587,0.9966816965787397,,,48.7949,1.20884,17.4229,1.10827,10.1197,0.158204,8.11281,9.85985,2.68725,0.527347,58.8
1,12000.00,1657.15,orthopyroxene_0,0.317008,0.817200,-3882.837309,0.098207,0.406334,,0.9966816965787397,,opx,Na0.00Ca0.07Fe''0.28Mg1.54Fe'''0.02Ti0.00Al0.18Si1.90O6,53.9909,0.108666,4.27988,0.689725,9.66738,0,29.3772,1.8247,0.0614888,0
0,12000.00,1655.15,liquid_0,94.500657,266.020831,-1084116.097839,33.392311,141.529160,1.598,0.9966954932220481,,,48.7778,1.21249,17.4664,1.10954,10.1211,0.158729,8.04248,9.88643,2.69597,0.529097,58.6
1,12000.00,1655.15,orthopyroxene_0,0.314626,0.810466,-3852.254456,0.097435,0.403080,,0.9966954932220481,,opx,Na0.00Ca0.07Fe''0.29Mg1.54Fe'''0.02Ti0.00Al0.18Si1.90O6,53.9596,0.108934,4.29792,0.691876,9.72558,0,29.3035,1.8504,0.0621636,0
0,12000.00,1653.15,liquid_0,94.189365,264.966031,-1080725.382896,33.278539,141.018101,1.608,0.9967090676618251,,,48.7608,1.21613,17.5099,1.11079,10.1223,0.159254,7.97247,9.9129,2.70467,0.530845,58.4
1,12000.00,1653.15,orthopyroxene_0,0.312281,0.803837,-3822.138087,0.096674,0.399876,,0.9967090676618251,,opx,Na0.00Ca0.07Fe''0.29Mg1.54Fe'''0.02Ti0.00Al0.18Si1.90O6,53.9282,0.109185,4.31587,0.693998,9.78415,0,29.2291,1.87661,0.0628472,0
0,12000.00,1651.15,liquid_0,93.880379,263.918844,-1077362.004875,33.165632,140.511062,1.618,0.9967224194215266,,,48.7439,1.21978,17.5532,1.11203,10.1233,0.159778,7.90276,9.93926,2.71336,0.532593,58.2
1,12000.00,1651.15,orthopyroxene_0,0.309974,0.797311,-3792.483126,0.095926,0.396722,,0.9967224194215266,,opx,Na0.00Ca0.07Fe''0.29Mg1.53Fe'''0.02Ti0.00Al0.18Si1.90O6,53.8968,0.10942,4.33371,0.696092,9.84309,0,29.154,1.90334,0.0635399,0
0,12000.00,1649.15,liquid_0,93.573663,262.879154,-1074025.535938,33.053576,140.007983,1.628,0.9940735221586756,,,48.7271,1.22342,17.5965,1.11326,10.1242,0.160302,7.83335,9.96551,2.72204,0.534338,58.0
1,12000.00,1649.15,orthopyroxene_0,0.307704,0.790886,-3763.284693,0.095189,0.393616,,0.9940735221586756,,opx,Na0.00Ca0.07Fe''0.29Mg1.53Fe'''0.02Ti0.00Al0.18Si1.90O6,53.8652,0.109639,4.35145,0.698156,9.90241,0,29.0783,1.9306,0.0642417,0
0,12000.00,1647.15,liquid_0,93.020054,261.149912,-1067885.573294,32.856420,139.117693,1.640,0.9948001562077425,,,48.7053,1.22985,17.6693,1.11416,10.1198,0.161256,7.7322,9.99346,2.73716,0.537519,57.7
1,12000.00,1647.15,clinopyroxene_0,0.554568,1.419735,-6665.805987,0.171247,0.694852,,0.9948001562077425,cpx,Na0.01Ca0.20Fe''0.33Mg1.33Fe'''0.02Ti0.00Al0.23Si1.88O6,52.4002,0.143057,5.3614,0.886886,10.9232,0,24.8389,5.26503,0.18126,0,
0,12000.00,1645.15,liquid_0,92.537326,259.622309,-1062567.323688,32.683953,138.342028,1.651,0.9947272241721068,,,48.6864,1.2355,17.7332,1.11493,10.1158,0.162097,7.64403,10.0172,2.75047,0.540323,57.4
1,12000.00,1645.15,clinopyroxene_0,0.483695,1.237041,-5812.169216,0.149287,0.605423,,0.9947272241721068,cpx,Na0.01Ca0.21Fe''0.33Mg1.32Fe'''0.02Ti0.00Al0.23Si1.88O6,52.3234,0.145449,5.42708,0.897211,10.9422,0,24.6361,5.44149,0.187036,0,
0,12000.00,1643.15,liquid_0,92.050360,258.084679,-1057200.027175,32.510092,137.560244,1.663,0.9946436085948480,,,48.6676,1.24126,17.7979,1.11568,10.1117,0.162954,7.55528,10.0404,2.764,0.543181,57.1
1,12000.00,1643.15,clinopyroxene_0,0.487934,1.246583,-5861.444363,0.150520,0.610068,,0.9946436085948480,cpx,Na0.01Ca0.22Fe''0.33Mg1.31Fe'''0.02Ti0.00Al0.23Si1.87O6,52.2437,0.147995,5.49571,0.908067,10.9563,0,24.4226,5.63238,0.19326,0,
0,12000.00,1641.15,liquid_0,91.558266,256.534562,-1051773.290115,32.334524,136.770950,1.675,0.9945470295763627,,,48.6489,1.24712,17.8637,1.1164,10.1074,0.16383,7.46585,10.063,2.77778,0.5461,56.8
1,12000.00,1641.15,clinopyroxene_0,0.493063,1.258336,-5921.523871,0.152025,0.615783,,0.9945470295763627,cpx,Na0.01Ca0.22Fe''0.33Mg1.30Fe'''0.02Ti0.00Al0.24Si1.87O6,52.1606,0.150727,5.5677,0.919536,10.9645,0,24.1967,5.84022,0.200008,0,
0,12000.00,1639.15,liquid_0,91.059968,254.968982,-1046274.522617,32.156874,135.972463,1.687,0.9944344262010877,,,48.6301,1.2531,17.9305,1.11709,10.103,0.164727,7.37562,10.0848,2.79184,0.549089,56.5
1,12000.00,1639.15,clinopyroxene_0,0.499270,1.272760,-5994.691636,0.153861,0.622792,,0.9944344262010877,cpx,Na0.01Ca0.23Fe''0.33Mg1.28Fe'''0.03Ti0.00Al0.24Si1.87O6,52.0737,0.153682,5.6436,0.931725,10.9653,0,23.9565,6.06818,0.207372,0,
0,12000.00,1637.15,liquid_0,90.554134,253.384272,-1040688.174649,31.976678,135.162708,1.698,0.9943015669387358,,,48.6114,1.25922,17.9987,1.11776,10.0985,0.165647,7.28445,10.1059,2.80623,0.552156,56.3
1,12000.00,1637.15,clinopyroxene_0,0.506806,1.290477,-6084.026857,0.156104,0.631394,,0.9943015669387358,cpx,Na0.02Ca0.24Fe''0.33Mg1.27Fe'''0.03Ti0.00Al0.24Si1.87O6,51.9822,0.156911,5.72408,0.944772,10.957,0,23.699,6.32052,0.215477,0,
0,12000.00,1635.15,liquid_0,90.039088,251.775800,-1034994.587617,31.793348,134.339067,1.711,0.9941423892196828,,,48.5927,1.26551,18.0684,1.1184,10.094,0.166594,7.19215,10.1259,2.821,0.555314,55.9
1,12000.00,1635.15,clinopyroxene_0,0.516022,1.312347,-6193.804748,0.158861,0.642008,,0.9941423892196828,cpx,Na0.02Ca0.25Fe''0.33Mg1.26Fe'''0.03Ti0.00Al0.25Si1.87O6,51.8854,0.160485,5.81007,0.958864,10.9371,0,23.4205,6.60298,0.22449,0,
0,12000.00,1633.15,liquid_0,89.512646,250.137549,-1029168.192103,31.606122,133.498137,1.723,0.9939478122442101,,,48.574,1.27198,18.14,1.11901,10.0894,0.167574,7.09851,10.1447,2.83621,0.55858,55.6
1,12000.00,1633.15,clinopyroxene_0,0.527420,1.339607,-6330.178091,0.162288,0.655232,,0.9939478122442101,cpx,Na0.02Ca0.27Fe''0.33Mg1.24Fe'''0.03Ti0.00Al0.25Si1.87O6,51.782,0.164507,5.90283,0.97426,10.9021,0,23.1159,6.92373,0.234646,0,
0,12000.00,1631.15,liquid_0,88.971875,248.461422,-1023174.526376,31.413973,132.635340,1.735,0.9937034451178513,,,48.5552,1.27869,18.2138,1.11958,10.085,0.168593,7.00322,10.162,2.85195,0.561975,55.3
1,12000.00,1631.15,clinopyroxene_0,0.541753,1.374113,-6502.406941,0.166614,0.671964,,0.9937034451178513,cpx,Na0.02Ca0.28Fe''0.33Mg1.22Fe'''0.03Ti0.00Al0.26Si1.86O6,51.6702,0.169131,6.00419,0.991342,10.8465,0,22.7775,7.29481,0.246286,0,
0,12000.00,1629.15,liquid_0,88.412639,246.736014,-1016964.970229,31.215452,131.744234,1.748,0.9933847651251004,,,48.5362,1.28567,18.2903,1.12012,10.0809,0.169659,6.90588,10.1774,2.86835,0.56553,55.0
1,12000.00,1629.15,clinopyroxene_0,0.560223,1.418810,-6725.242301,0.172209,0.693632,,0.9933847651251004,cpx,Na0.02Ca0.30Fe''0.32Mg1.20Fe'''0.03Ti0.00Al0.26Si1.86O6,51.5474,0.174604,6.11696,1.0107,10.762,0,22.3933,7.73514,0.259941,0,
0,12000.00,1627.15,liquid_0,87.828756,244.944263,-1010466.653227,31.008389,130.815182,1.761,0.9929460025204964,,,48.5172,1.29301,18.3703,1.12062,10.0773,0.170787,6.80592,10.19,2.88558,0.56929,54.6
1,12000.00,1627.15,clinopyroxene_0,0.584877,1.478726,-7023.964142,0.179703,0.722668,,0.9929460025204964,cpx,Na0.02Ca0.32Fe''0.32Mg1.18Fe'''0.03Ti0.00Al0.27Si1.86O6,51.409,0.181361,6.24579,1.03334,10.6339,0,21.9433,8.2768,0.276498,0,
0,12000.00,1625.15,liquid_0,87.210208,243.058527,-1003561.192009,30.789264,129.832587,1.774,0.9922944506662750,,,48.4978,1.30083,18.4552,1.12108,10.0747,0.171998,6.70248,10.1986,2.90394,0.573327,54.3
1,12000.00,1625.15,clinopyroxene_0,0.619551,1.563243,-7446.055756,0.190275,0.763613,,0.9922944506662750,cpx,Na0.02Ca0.35Fe''0.32Mg1.15Fe'''0.03Ti0.01Al0.27Si1.85O6,51.2468,0.190258,6.39919,1.06113,10.4344,0,21.3909,8.9797,0.297588,0,
0,12000.00,1623.15,liquid_0,86.539218,241.029739,-996037.528640,30.551806,128.768793,1.788,0.9912874888580839,,,48.478,1.30934,18.5472,1.1215,10.0743,0.173332,6.59424,10.2004,2.92392,0.577773,53.8
1,12000.00,1623.15,clinopyroxene_0,0.672010,1.691272,-8088.324195,0.206318,0.825615,,0.9912874888580839,cpx,Na0.02Ca0.39Fe''0.31Mg1.12Fe'''0.03Ti0.01Al0.28Si1.85O6,51.0445,0.203202,6.5943,1.09795,10.1053,0,20.6629,9.96536,0.32644,0,
0,12000.00,1621.15,liquid_0,85.786289,238.776553,-987542.816213,30.285569,127.578004,1.802,0.9901498773455587,,,48.4578,1.31887,18.6498,1.12187,10.0782,0.174853,6.47951,10.1898,2.94636,0.582844,53.4
1,12000.00,1621.15,clinopyroxene_0,0.753983,1.891007,-9099.308717,0.231456,0.922320,,0.9901498773455587,cpx,Na0.03Ca0.44Fe''0.29Mg1.06Fe'''0.03Ti0.01Al0.29Si1.84O6,50.7794,0.223867,6.85646,1.15003,9.55788,0,19.6659,11.3991,0.367282,0,
0,12000.00,1619.15,liquid_0,84.942374,236.274479,-977964.192105,29.987290,126.246402,1.817,0.9894467745321918,,,48.4375,1.32949,18.7641,1.1222,10.0882,0.17659,6.35844,10.1632,2.97156,0.588634,52.9
1,12000.00,1619.15,clinopyroxene_0,0.845016,2.111626,-10229.193164,0.259395,1.029194,,0.9894467745321918,cpx,Na0.03Ca0.50Fe''0.27Mg1.01Fe'''0.03Ti0.01Al0.31Si1.84O6,50.5015,0.249571,7.14044,1.20834,8.96224,0,18.6647,12.8639,0.409252,0,
0,12000.00,1617.15,liquid_0,84.047090,233.633702,-967768.792474,29.670911,124.836056,1.833,0.9891184971953205,,,48.4177,1.34076,18.8855,1.12248,10.1026,0.178471,6.23455,10.1245,2.99854,0.594905,52.4
1,12000.00,1617.15,clinopyroxene_0,0.896428,2.234143,-10872.171468,0.275122,1.088566,,0.9891184971953205,cpx,Na0.03Ca0.54Fe''0.26Mg0.98Fe'''0.03Ti0.01Al0.32Si1.83O6,50.2831,0.271247,7.37181,1.25548,8.59084,0,17.9871,13.802,0.43854,0,
0,12000.00,1615.15,liquid_0,83.133695,230.946504,-957350.509100,29.348155,123.398982,1.848,0.9889746336436678,,,48.3991,1.35232,19.0098,1.12271,10.1197,0.180432,6.11062,10.0774,3.02643,0.601441,51.8
1,12000.00,1615.15,clinopyroxene_0,0.914571,2.274797,-11104.172454,0.280596,1.108248,,0.9889746336436678,cpx,Na0.03Ca0.56Fe''0.26Mg0.95Fe'''0.04Ti0.01Al0.33Si1.83O6,50.1036,0.289357,7.56712,1.29449,8.37092,0,17.5107,14.4037,0.460086,0,
0,12000.00,1613.15,liquid_0,82.218305,228.257492,-946901.165565,29.024717,121.960300,1.864,0.9889257648639002,,,48.3818,1.36397,19.1352,1.12287,10.1385,0.182441,5.98781,10.0244,3.05481,0.608137,51.3
1,12000.00,1613.15,clinopyroxene_0,0.916593,2.276061,-11135.781965,0.281099,1.108840,,0.9889257648639002,cpx,Na0.03Ca0.58Fe''0.25Mg0.93Fe'''0.04Ti0.01Al0.33Si1.82O6,49.9447,0.305521,7.74354,1.32922,8.23121,0,17.1382,14.8298,0.477814,0,
0,12000.00,1611.15,liquid_0,81.309012,225.588980,-936517.599740,28.703465,120.532560,1.881,0.9889313609692824,,,48.3658,1.37564,19.2608,1.12296,10.1584,0.184481,5.86656,9.96704,3.08345,0.614938,50.7
1,12000.00,1611.15,clinopyroxene_0,0.910518,2.257721,-11066.101068,0.279106,1.099938,,0.9889313609692824,cpx,Na0.03Ca0.59Fe''0.25Mg0.92Fe'''0.04Ti0.01Al0.34Si1.82O6,49.7977,0.320566,7.90891,1.36144,8.13878,0,16.8262,15.153,0.493432,0,
0,12000.00,1609.15,liquid_0,80.410262,222.953172,-926253.330908,28.385978,119.122622,1.897,0.9889707391266489,,,48.3512,1.38727,19.3858,1.12299,10.1789,0.186543,5.74707,9.90617,3.11224,0.621811,50.2
1,12000.00,1609.15,clinopyroxene_0,0.899994,2.228718,-10940.376135,0.275743,1.085873,,0.9889707391266489,cpx,Na0.04Ca0.60Fe''0.25Mg0.90Fe'''0.04Ti0.01Al0.35Si1.82O6,49.6585,0.334923,8.06713,1.39206,8.07709,0,16.5533,15.4092,0.507767,0,
0,12000.00,1607.15,liquid_0,79.524645,220.357110,-916139.687546,28.073177,117.734444,1.913,0.9890322427443861,,,48.3379,1.39883,19.5102,1.12294,10.1998,0.188621,5.62941,9.8425,3.14109,0.628736,49.6
1,12000.00,1607.15,clinopyroxene_0,0.886880,2.193594,-10781.809042,0.271584,1.068847,,0.9890322427443861,cpx,Na0.04Ca0.61Fe''0.25Mg0.89Fe'''0.04Ti0.01Al0.35Si1.81O6,49.5249,0.348836,8.22036,1.42161,8.03686,0,16.3075,15.6187,0.521266,0,
0,12000.00,1605.15,liquid_0,78.653701,217.804945,-906195.491306,27.765611,116.370359,1.929,0.9891087933387965,,,48.3261,1.41031,19.6335,1.12283,10.2208,0.190709,5.51362,9.77654,3.16995,0.635698,49.0
1,12000.00,1605.15,clinopyroxene_0,0.872221,2.154891,-10603.488596,0.266952,1.050089,,0.9891087933387965,cpx,Na0.04Ca0.62Fe''0.25Mg0.88Fe'''0.04Ti0.01Al0.36Si1.81O6,49.3952,0.362457,8.3699,1.45039,8.01241,0,16.0817,15.7937,0.534199,0,
0,12000.00,1603.15,liquid_0,77.798345,215.299085,-896432.003125,27.463607,115.031724,1.946,0.9891958414322066,,,48.3155,1.42168,19.7557,1.12265,10.2418,0.192806,5.39968,9.70869,3.19879,0.642687,48.4
1,12000.00,1603.15,clinopyroxene_0,0.856648,2.114131,-10413.334230,0.262042,1.030337,,0.9891958414322066,cpx,Na0.04Ca0.63Fe''0.25Mg0.87Fe'''0.04Ti0.01Al0.37Si1.80O6,49.2687,0.375883,8.5166,1.47861,8.00004,0,15.8712,15.9423,0.546737,0,
0,12000.00,1601.15,liquid_0,76.959089,212.840838,-886855.671435,27.167348,113.719278,1.962,0.9892903306283083,,,48.3063,1.43293,19.8766,1.12241,10.2627,0.194909,5.2876,9.63925,3.22758,0.649696,47.9
1,12000.00,1601.15,clinopyroxene_0,0.840560,2.072278,-10216.391004,0.256977,1.010057,,0.9892903306283083,cpx,Na0.04Ca0.63Fe''0.25Mg0.86Fe'''0.04Ti0.01Al0.37Si1.80O6,49.1446,0.389181,8.66103,1.50641,7.99719,0,15.6725,16.0701,0.558995,0,
0,12000.00,1599.15,liquid_0,76.136185,210.430784,-877469.761880,26.876923,112.433351,1.979,0.9893901337717805,,,48.2983,1.44407,19.9963,1.1221,10.2834,0.197015,5.17733,9.56848,3.25629,0.656718,47.3
1,12000.00,1599.15,clinopyroxene_0,0.824220,2.029961,-10015.998249,0.251838,0.989552,,0.9893901337717805,cpx,Na0.04Ca0.64Fe''0.25Mg0.85Fe'''0.04Ti0.01Al0.38Si1.80O6,49.0226,0.402398,8.8036,1.53389,8.00205,0,15.4835,16.1809,0.571055,0,
0,12000.00,1597.15,liquid_0,75.329703,208.069012,-868275.374554,26.592359,111.174002,1.995,0.9894937272290130,,,48.2917,1.45508,20.1145,1.12172,10.3038,0.199125,5.06887,9.49657,3.28491,0.663749,46.7
1,12000.00,1597.15,clinopyroxene_0,0.807809,1.987605,-9814.429908,0.246681,0.969029,,0.9894937272290130,cpx,Na0.04Ca0.64Fe''0.25Mg0.84Fe'''0.04Ti0.01Al0.39Si1.79O6,48.9022,0.415566,8.9446,1.56112,8.01327,0,15.3024,16.2779,0.582976,0,
0,12000.00,1595.15,liquid_0,74.539592,205.755276,-859272.105459,26.313636,109.941098,2.012,0.9895999934144275,,,48.2862,1.46596,20.2314,1.12128,10.3238,0.201235,4.96218,9.42372,3.31342,0.670784,46.1
1,12000.00,1595.15,clinopyroxene_0,0.791448,1.945502,-9613.266700,0.241544,0.948628,,0.9895999934144275,cpx,Na0.04Ca0.64Fe''0.25Mg0.83Fe'''0.04Ti0.01Al0.39Si1.79O6,48.7832,0.428711,9.08426,1.58816,8.02983,0,15.1279,16.3631,0.594802,0,
0,12000.00,1593.15,liquid_0,73.765712,203.489091,-850458.491207,26.040705,108.734376,2.029,0.9897080961084648,,,48.282,1.4767,20.3469,1.12078,10.3433,0.203347,4.85723,9.35005,3.34181,0.677822,45.6
1,12000.00,1593.15,clinopyroxene_0,0.775226,1.903854,-9413.622991,0.236454,0.928447,,0.9897080961084648,cpx,Na0.04Ca0.65Fe''0.25Mg0.82Fe'''0.04Ti0.01Al0.40Si1.79O6,48.6654,0.441851,9.22275,1.61506,8.05094,0,14.959,16.4384,0.606567,0,
0,12000.00,1591.15,liquid_0,73.007864,201.269808,-841832.316266,25.773494,107.553479,2.045,0.9898173990020468,,,48.279,1.4873,20.4609,1.12022,10.3625,0.205457,4.75401,9.27569,3.37008,0.684858,45.0
1,12000.00,1591.15,clinopyroxene_0,0.759204,1.862803,-9216.290732,0.231429,0.908554,,0.9898173990020468,cpx,Na0.04Ca0.65Fe''0.25Mg0.81Fe'''0.05Ti0.01Al0.41Si1.78O6,48.5487,0.454998,9.36018,1.64184,8.07597,0,14.7949,16.505,0.618298,0,
0,12000.00,1589.15,liquid_0,72.265803,199.096659,-833390.830106,25.511916,106.397985,2.062,0.9899274109317180,,,48.2772,1.49777,20.5734,1.11961,10.3811,0.207567,4.65247,9.20077,3.39821,0.69189,44.4
1,12000.00,1589.15,clinopyroxene_0,0.743424,1.822447,-9021.833868,0.226484,0.888998,,0.9899274109317180,cpx,Na0.04Ca0.65Fe''0.25Mg0.80Fe'''0.05Ti0.01Al0.41Si1.78O6,48.433,0.468162,9.49668,1.66855,8.10443,0,14.635,16.5642,0.630016,0,
0,12000.00,1587.15,liquid_0,71.539257,196.968801,-825130.903577,25.255873,105.267429,2.079,0.9900377481003454,,,48.2765,1.50809,20.6845,1.11893,10.3992,0.209675,4.55261,9.12536,3.4262,0.698917,43.8
1,12000.00,1587.15,clinopyroxene_0,0.727918,1.782854,-8830.652035,0.221626,0.869811,,0.9900377481003454,cpx,Na0.05Ca0.65Fe''0.25Mg0.79Fe'''0.05Ti0.01Al0.42Si1.78O6,48.3181,0.481351,9.6323,1.69519,8.13589,0,14.4786,16.6168,0.641738,0,
0,12000.00,1585.15,liquid_0,70.827929,194.885330,-817049.143301,25.005258,104.161314,2.096,0.9901481074476370,,,48.277,1.51826,20.7941,1.11819,10.4168,0.211781,4.45438,9.04957,3.45405,0.705936,43.3
1,12000.00,1585.15,clinopyroxene_0,0.712706,1.744069,-8643.024604,0.216863,0.851014,,0.9901481074476370,cpx,Na0.05Ca0.66Fe''0.25Mg0.79Fe'''0.05Ti0.01Al0.42Si1.77O6,48.204,0.494569,9.76713,1.7218,8.17003,0,14.3255,16.6635,0.653479,0,
0,12000.00,1583.15,liquid_0,70.131511,192.845310,-809141.976429,24.759962,103.079122,2.113,0.9902582475159300,,,48.2786,1.52829,20.9022,1.11741,10.4337,0.213884,4.35778,8.97346,3.48174,0.712946,42.7
1,12000.00,1583.15,clinopyroxene_0,0.697803,1.706122,-8459.141768,0.212199,0.832622,,0.9902582475159300,cpx,Na0.05Ca0.66Fe''0.25Mg0.78Fe'''0.05Ti0.01Al0.43Si1.77O6,48.0906,0.50782,9.90121,1.74838,8.20656,0,14.1751,16.7051,0.665249,0,
0,12000.00,1581.15,liquid_0,69.449685,190.847783,-801405.714112,24.519870,102.020325,2.130,0.9903679744546838,,,48.2813,1.53818,21.0088,1.11656,10.4501,0.215984,4.26277,8.89709,3.50927,0.719946,42.1
1,12000.00,1581.15,clinopyroxene_0,0.683217,1.669028,-8279.126901,0.207636,0.814642,,0.9903679744546838,cpx,Na0.05Ca0.66Fe''0.25Mg0.77Fe'''0.05Ti0.01Al0.44Si1.77O6,47.9779,0.521104,10.0346,1.77494,8.24524,0,14.0273,16.7419,0.67706,0,
0,12000.00,1579.15,liquid_0,68.782128,188.891781,-793836.599412,24.284866,100.984388,2.147,0.9904771316405523,,,48.285,1.54792,21.114,1.11567,10.4659,0.21808,4.16934,8.82054,3.53664,0.726933,41.5
1,12000.00,1579.15,clinopyroxene_0,0.668955,1.632796,-8103.052894,0.203177,0.797079,,0.9904771316405523,cpx,Na0.05Ca0.66Fe''0.26Mg0.76Fe'''0.05Ti0.01Al0.44Si1.76O6,47.8658,0.534423,10.1673,1.8015,8.28587,0,13.8817,16.7745,0.688918,0,
0,12000.00,1577.15,liquid_0,68.128514,186.976331,-786430.843710,24.054833,99.970775,2.164,0.9819736795058118,,,48.2899,1.55751,21.2177,1.11473,10.481,0.220172,4.07746,8.74386,3.56384,0.733907,41.0
1,12000.00,1577.15,clinopyroxene_0,0.655017,1.597426,-7930.954251,0.198821,0.779933,,0.9819736795058118,cpx,Na0.05Ca0.66Fe''0.26Mg0.76Fe'''0.05Ti0.02Al0.45Si1.76O6,47.7542,0.547777,10.2993,1.82807,8.32828,0,13.7382,16.8033,0.700832,0,
0,12000.00,1575.15,liquid_0,66.900356,183.504537,-772472.774869,23.636653,98.066499,2.195,0.9861098535249617,,,48.4143,1.58498,21.2075,1.11589,10.4311,0.224214,3.90451,8.74226,3.62788,0.74738,40.0
1,12000.00,1575.15,garnet_0,1.099520,2.639553,-13215.249050,0.298570,1.296716,,0.9861098535249617,,(Ca0.21Fe''0.30Mg0.49)3Al2Si3O12,40.8476,0,23.1057,0,14.6587,0,13.5289,7.85902,0,0,
2,12000.00,1575.15,clinopyroxene_0,0.128585,0.312990,-1558.130188,0.039015,0.152819,,0.9861098535249617,cpx,Na0.05Ca0.68Fe''0.25Mg0.73Fe'''0.05Ti0.02Al0.45Si1.76O6,47.5866,0.587465,10.4546,1.88104,8.14116,0,13.3465,17.2774,0.725266,0,
0,12000.00,1573.15,liquid_0,65.972710,180.852969,-761950.862790,23.317662,96.630087,2.220,0.9863420407914817,,,48.4865,1.60403,21.2469,1.11593,10.4101,0.227367,3.77303,8.70321,3.67498,0.757889,39.2
1,12000.00,1573.15,garnet_0,0.581262,1.393689,-6977.979616,0.157735,0.684744,,0.9863420407914817,,(Ca0.21Fe''0.30Mg0.49)3Al2Si3O12,40.8091,0,23.0839,0,14.7954,0,13.3595,7.95211,0,0,
2,12000.00,1573.15,clinopyroxene_0,0.348017,0.845995,-4217.342441,0.105537,0.413100,,0.9863420407914817,cpx,Na0.05Ca0.69Fe''0.25Mg0.72Fe'''0.05Ti0.02Al0.46Si1.75O6,47.4509,0.614749,10.5915,1.92058,8.08701,0,13.0969,17.4954,0.742908,0,
0,12000.00,1571.15,liquid_0,65.073279,178.281985,-751760.948030,23.008496,95.238818,2.244,0.9865833984250425,,,48.5597,1.6229,21.2854,1.11581,10.388,0.230509,3.64463,8.66279,3.72187,0.768365,38.5
1,12000.00,1571.15,garnet_0,0.565557,1.354368,-6781.389809,0.153372,0.665501,,0.9865833984250425,,(Ca0.21Fe''0.31Mg0.48)3Al2Si3O12,40.7706,0,23.0622,0,14.9326,0,13.191,8.04353,0,0,
2,12000.00,1571.15,clinopyroxene_0,0.335518,0.814581,-4065.793229,0.101690,0.397800,,0.9865833984250425,cpx,Na0.05Ca0.70Fe''0.25Mg0.71Fe'''0.05Ti0.02Al0.47Si1.75O6,47.3177,0.642083,10.7251,1.95962,8.0462,0,12.8613,17.6879,0.760085,0,
0,12000.00,1569.15,liquid_0,64.201848,175.790819,-741900.424717,22.709077,93.892261,2.269,0.9868303397937344,,,48.6338,1.64157,21.3228,1.11555,10.3648,0.233638,3.51934,8.62124,3.76849,0.778794,37.7
1,12000.00,1569.15,garnet_0,0.550171,1.315903,-6589.065935,0.149101,0.646677,,0.9868303397937344,,(Ca0.21Fe''0.31Mg0.48)3Al2Si3O12,40.7323,0,23.0405,0,15.0702,0,13.0236,8.13345,0,0,
2,12000.00,1569.15,clinopyroxene_0,0.322914,0.783020,-3912.693451,0.097813,0.382426,,0.9868303397937344,cpx,Na0.06Ca0.71Fe''0.25Mg0.70Fe'''0.06Ti0.02Al0.47Si1.74O6,47.1865,0.669573,10.8561,1.99829,8.01615,0,12.6369,17.8596,0.776913,0,
0,12000.00,1567.15,liquid_0,63.357972,173.378080,-732363.943421,22.419246,92.589633,2.294,0.9870802246333490,,,48.7087,1.66003,21.3591,1.11515,10.3403,0.23675,3.39717,8.57878,3.81481,0.789167,36.9
1,12000.00,1567.15,garnet_0,0.535131,1.278354,-6401.316504,0.144929,0.628303,,0.9870802246333490,,(Ca0.22Fe''0.31Mg0.47)3Al2Si3O12,40.6941,0,23.0189,0,15.2079,0,12.857,8.22204,0,0,
2,12000.00,1567.15,clinopyroxene_0,0.310407,0.751799,-3760.603466,0.093970,0.367217,,0.9870802246333490,cpx,Na0.06Ca0.71Fe''0.25Mg0.69Fe'''0.06Ti0.02Al0.48Si1.74O6,47.0569,0.697302,10.9849,2.03673,7.99497,0,12.4217,18.014,0.793475,0,
0,12000.00,1565.15,liquid_0,62.541051,171.041959,-723144.317231,22.138791,91.329916,2.318,0.9873310779115972,,,48.7843,1.67827,21.3943,1.1146,10.3147,0.239842,3.27811,8.53557,3.86079,0.799475,36.2
1,12000.00,1565.15,garnet_0,0.520459,1.241771,-6218.395455,0.140862,0.610402,,0.9873310779115972,,(Ca0.22Fe''0.32Mg0.47)3Al2Si3O12,40.6561,0,22.9974,0,15.3459,0,12.6913,8.30943,0,0,
2,12000.00,1565.15,clinopyroxene_0,0.298133,0.721234,-3611.192039,0.090200,0.352325,,0.9873310779115972,cpx,Na0.06Ca0.72Fe''0.25Mg0.67Fe'''0.06Ti0.02Al0.48Si1.74O6,46.9284,0.725333,11.1119,2.07503,7.98123,0,12.2143,18.1539,0.809833,0,
0,12000.00,1563.15,liquid_0,61.750381,168.780374,-714233.146888,21.867463,90.111936,2.343,0.9875814056954806,,,48.8606,1.69628,21.4283,1.11392,10.288,0.242913,3.16213,8.49175,3.90641,0.809712,35.4
1,12000.00,1563.15,garnet_0,0.506172,1.206192,-6040.486078,0.136903,0.592992,,0.9875814056954806,,(Ca0.22Fe''0.32Mg0.46)3Al2Si3O12,40.6181,0,22.9759,0,15.4839,0,12.5263,8.39574,0,0,
2,12000.00,1563.15,clinopyroxene_0,0.286177,0.691524,-3465.545494,0.086530,0.337848,,0.9875814056954806,cpx,Na0.06Ca0.73Fe''0.25Mg0.66Fe'''0.06Ti0.02Al0.49Si1.73O6,46.8009,0.753721,11.2374,2.11324,7.97384,0,12.0135,18.2814,0.826032,0,
0,12000.00,1561.15,liquid_0,60.985193,166.591072,-705621.261151,21.604991,88.934424,2.368,0.9878300701084776,,,48.9373,1.71405,21.4613,1.1131,10.2601,0.245961,3.04921,8.44743,3.95165,0.819871,34.6
1,12000.00,1561.15,garnet_0,0.492280,1.171636,-5867.702412,0.133057,0.576084,,0.9878300701084776,,(Ca0.22Fe''0.32Mg0.45)3Al2Si3O12,40.5803,0,22.9545,0,15.622,0,12.3622,8.48105,0,0,
2,12000.00,1561.15,clinopyroxene_0,0.274594,0.662794,-3324.359148,0.082976,0.323848,,0.9878300701084776,cpx,Na0.06Ca0.73Fe''0.25Mg0.65Fe'''0.06Ti0.02Al0.50Si1.73O6,46.6741,0.78251,11.3616,2.15144,7.97193,0,11.8184,18.398,0.842106,0,
0,12000.00,1559.15,liquid_0,60.244679,164.471701,-697299.031665,21.351092,87.796056,2.392,0.9880762017800915,,,49.0146,1.73158,21.4932,1.11216,10.2311,0.248985,2.9393,8.40273,3.99648,0.829949,33.9
1,12000.00,1559.15,garnet_0,0.478790,1.138116,-5700.097142,0.129325,0.559682,,0.9880762017800915,,(Ca0.23Fe''0.33Mg0.45)3Al2Si3O12,40.5426,0,22.9332,0,15.7601,0,12.1987,8.56545,0,0,
2,12000.00,1559.15,clinopyroxene_0,0.263416,0.635118,-3188.060445,0.079548,0.310359,,0.9880762017800915,cpx,Na0.06Ca0.74Fe''0.25Mg0.64Fe'''0.06Ti0.02Al0.50Si1.73O6,46.5477,0.81174,11.4847,2.18967,7.97481,0,11.6282,18.5051,0.858083,0,
0,12000.00,1557.15,liquid_0,59.528013,162.419863,-689256.600299,21.105474,86.695481,2.417,0.9883191369619103,,,49.0922,1.74887,21.524,1.11108,10.2009,0.251982,2.83236,8.35772,4.0409,0.839941,33.1
1,12000.00,1557.15,garnet_0,0.465702,1.105631,-5537.671275,0.125706,0.543788,,0.9883191369619103,,(Ca0.23Fe''0.33Mg0.44)3Al2Si3O12,40.5049,0,22.9119,0,15.8982,0,12.036,8.649,0,0,
2,12000.00,1557.15,clinopyroxene_0,0.252664,0.608534,-3056.890694,0.076252,0.297402,,0.9883191369619103,cpx,Na0.06Ca0.74Fe''0.25Mg0.63Fe'''0.06Ti0.02Al0.51Si1.72O6,46.4217,0.841449,11.6068,2.22798,7.98192,0,11.4423,18.6039,0.873984,0,
0,12000.00,1555.15,liquid_0,58.834360,160.433151,-681484.044144,20.867844,85.631343,2.442,0.9762475433319416,,,49.1702,1.76591,21.5538,1.10988,10.1697,0.254953,2.72834,8.31247,4.08489,0.849844,32.4
1,12000.00,1555.15,garnet_0,0.453015,1.074173,-5380.383604,0.122199,0.528397,,0.9762475433319416,,(Ca0.23Fe''0.33Mg0.44)3Al2Si3O12,40.4674,0,22.8907,0,16.0363,0,11.8739,8.73178,0,0,
2,12000.00,1555.15,clinopyroxene_0,0.242344,0.583055,-2930.960744,0.073090,0.284982,,0.9762475433319416,cpx,Na0.06Ca0.74Fe''0.25Mg0.62Fe'''0.06Ti0.02Al0.51Si1.72O6,46.2958,0.871668,11.7282,2.2664,7.99282,0,11.2601,18.6952,0.889823,0,
0,12000.00,1553.15,liquid_0,57.438233,156.529588,-664661.742431,20.369026,83.516606,2.457,0.9748074650051384,,,49.2296,1.80644,21.4529,1.11977,10.2536,0.26115,2.655,8.21811,4.13474,0.868662,31.6
1,12000.00,1553.15,garnet_0,0.538619,1.275737,-6388.455052,0.145174,0.627659,,0.9748074650051384,,(Ca0.23Fe''0.34Mg0.43)3Al2Si3O12,40.4343,0,22.8719,0,16.207,0,11.7581,8.72867,0,0,
2,12000.00,1553.15,clinopyroxene_0,0.153331,0.368587,-1852.703599,0.046214,0.180172,,0.9748074650051384,cpx,Na0.07Ca0.74Fe''0.25Mg0.62Fe'''0.06Ti0.03Al0.51Si1.72O6,46.2397,0.903706,11.7293,2.2955,8.07928,0,11.1634,18.6866,0.902492,0,
3,12000.00,1553.15,feldspar_0,0.705543,1.781187,-9343.958681,0.263093,0.873618,,0.9748074650051384,,K0.01Na0.34Ca0.65Al1.65Si2.35O8,51.665,0,30.9094,0,0,0,0,13.4453,3.83065,0.149679,
0,12000.00,1551.15,liquid_0,55.993494,152.496892,-647171.785699,19.851142,81.331675,2.470,0.9752996392761076,,,49.2838,1.85086,21.3316,1.13138,10.3554,0.267888,2.58791,8.11786,4.18441,0.888879,30.8
1,12000.00,1551.15,garnet_0,0.528675,1.250821,-6261.904869,0.142376,0.615512,,0.9752996392761076,,(Ca0.23Fe''0.34Mg0.43)3Al2Si3O12,40.4019,0,22.8536,0,16.3825,0,11.6497,8.71227,0,0,
2,12000.00,1551.15,clinopyroxene_0,0.131452,0.315731,-1586.714382,0.039593,0.154348,,0.9752996392761076,cpx,Na0.07Ca0.74Fe''0.25Mg0.61Fe'''0.07Ti0.03Al0.51Si1.72O6,46.1932,0.936816,11.7122,2.32346,8.17695,0,11.079,18.6637,0.91463,0,
3,12000.00,1551.15,feldspar_0,0.786947,1.986403,-10422.373920,0.293580,0.974336,,0.9752996392761076,,K0.01Na0.34Ca0.65Al1.65Si2.35O8,51.8448,0,30.7868,0,0,0,0,13.3021,3.90987,0.156408,
0,12000.00,1549.15,liquid_0,54.612733,148.642553,-630461.257060,19.355999,79.245046,2.483,0.9757674866889644,,,49.3355,1.89549,21.2104,1.14298,10.457,0.274661,2.5226,8.0194,4.23294,0.909092,30.1
1,12000.00,1549.15,garnet_0,0.503610,1.190218,-5956.838065,0.135515,0.585799,,0.9757674866889644,,(Ca0.23Fe''0.34Mg0.43)3Al2Si3O12,40.3696,0,22.8353,0,16.5576,0,11.5416,8.69591,0,0,
2,12000.00,1549.15,clinopyroxene_0,0.122810,0.294732,-1480.892734,0.036965,0.144095,,0.9757674866889644,cpx,Na0.07Ca0.74Fe''0.26Mg0.61Fe'''0.07Ti0.03Al0.51Si1.72O6,46.1453,0.970846,11.6956,2.35176,8.27435,0,10.9937,18.6417,0.926728,0,
3,12000.00,1549.15,feldspar_0,0.756698,1.909756,-10022.064458,0.282422,0.936808,,0.9757674866889644,,K0.01Na0.35Ca0.64Al1.64Si2.36O8,52.0243,0,30.6644,0,0,0,0,13.1593,3.98879,0.163335,
0,12000.00,1547.15,liquid_0,53.291650,144.954605,-614477.509911,18.882071,77.250073,2.495,0.9762127467342788,,,49.3847,1.94033,21.0892,1.15457,10.5584,0.28147,2.45902,7.9227,4.28035,0.929302,29.3
1,12000.00,1547.15,garnet_0,0.480178,1.133600,-5671.897123,0.129103,0.558038,,0.9762127467342788,,(Ca0.23Fe''0.35Mg0.42)3Al2Si3O12,40.3373,0,22.8171,0,16.7324,0,11.4336,8.67956,0,0,
2,12000.00,1547.15,clinopyroxene_0,0.114918,0.275560,-1384.296227,0.034566,0.134733,,0.9762127467342788,cpx,Na0.07Ca0.74Fe''0.26Mg0.61Fe'''0.07Ti0.03Al0.51Si1.72O6,46.0959,1.00584,11.6794,2.38042,8.37148,0,10.9076,18.6205,0.938785,0,
3,12000.00,1547.15,feldspar_0,0.728366,1.837963,-9647.123981,0.271969,0.901658,,0.9762127467342788,,K0.01Na0.36Ca0.63Al1.63Si2.37O8,52.2032,0,30.5422,0,0,0,0,13.0167,4.06739,0.170464,
0,12000.00,1545.15,liquid_0,52.026329,141.422153,-599172.635946,18.427967,75.340708,2.507,0.9766370040341611,,,49.4316,1.98538,20.968,1.16617,10.6596,0.288316,2.3971,7.82768,4.32666,0.949508,28.6
1,12000.00,1545.15,garnet_0,0.458235,1.080613,-5405.288546,0.123102,0.532055,,0.9766370040341611,,(Ca0.23Fe''0.35Mg0.42)3Al2Si3O12,40.3052,0,22.7989,0,16.9068,0,11.326,8.6632,0,0,
2,12000.00,1545.15,clinopyroxene_0,0.107704,0.258047,-1296.065198,0.032374,0.126180,,0.9766370040341611,cpx,Na0.07Ca0.74Fe''0.26Mg0.60Fe'''0.07Ti0.03Al0.51Si1.72O6,46.045,1.04186,11.6638,2.40945,8.46834,0,10.8207,18.6001,0.950801,0,
3,12000.00,1545.15,feldspar_0,0.701780,1.770589,-9295.285261,0.262158,0.868675,,0.9766370040341611,,K0.01Na0.36Ca0.63Al1.63Si2.37O8,52.3817,0,30.4203,0,0,0,0,12.8745,4.14562,0.177797,
0,12000.00,1543.15,liquid_0,50.813199,138.035256,-584502.942655,17.992417,73.511431,2.519,0.9770417039048498,,,49.476,2.03066,20.847,1.17776,10.7607,0.295199,2.33678,7.73432,4.37188,0.969712,27.9
1,12000.00,1543.15,garnet_0,0.437651,1.030941,-5155.416923,0.117476,0.507697,,0.9770417039048498,,(Ca0.23Fe''0.35Mg0.42)3Al2Si3O12,40.273,0,22.7807,0,17.0809,0,11.2185,8.64682,0,0,
2,12000.00,1543.15,clinopyroxene_0,0.101109,0.242039,-1215.433583,0.030370,0.118363,,0.9770417039048498,cpx,Na0.07Ca0.74Fe''0.27Mg0.60Fe'''0.07Ti0.03Al0.51Si1.71O6,45.9925,1.07894,11.6485,2.43888,8.56496,0,10.733,18.5805,0.962774,0,
3,12000.00,1543.15,feldspar_0,0.676787,1.707248,-8964.531697,0.252934,0.837668,,0.9770417039048498,,K0.01Na0.37Ca0.62Al1.62Si2.38O8,52.5596,0,30.2989,0,0,0,0,12.7328,4.22345,0.185339,
0,12000.00,1541.15,liquid_0,49.648994,134.784825,-570428.497675,17.574262,71.757199,2.530,0.9774281660385505,,,49.5181,2.07616,20.726,1.18936,10.8618,0.302121,2.27802,7.64255,4.41605,0.989914,27.2
1,12000.00,1541.15,garnet_0,0.418312,0.984302,-4920.859288,0.112193,0.484825,,0.9774281660385505,,(Ca0.23Fe''0.36Mg0.41)3Al2Si3O12,40.241,0,22.7626,0,17.2548,0,11.1113,8.63039,0,0,
2,12000.00,1541.15,clinopyroxene_0,0.095076,0.227403,-1141.717050,0.028538,0.111214,,0.9774281660385505,cpx,Na0.07Ca0.74Fe''0.27Mg0.59Fe'''0.07Ti0.03Al0.51Si1.71O6,45.9383,1.11715,11.6338,2.4687,8.66131,0,10.6443,18.5617,0.974702,0,
3,12000.00,1541.15,feldspar_0,0.653253,1.647596,-8653.065440,0.244246,0.808471,,0.9774281660385505,,K0.01Na0.38Ca0.61Al1.61Si2.39O8,52.7368,0,30.1778,0,0,0,0,12.5916,4.30085,0.193092,
0,12000.00,1539.15,liquid_0,48.530723,131.662534,-556912.730284,17.172441,70.073393,2.541,0.9777975966063117,,,49.5577,2.12188,20.6051,1.20096,10.9629,0.309083,2.22075,7.55234,4.45917,1.01011,26.5
1,12000.00,1539.15,garnet_0,0.400114,0.940447,-4700.343245,0.107224,0.463315,,0.9777975966063117,,(Ca0.23Fe''0.36Mg0.41)3Al2Si3O12,40.209,0,22.7445,0,17.4284,0,11.0043,8.6139,0,0,
2,12000.00,1539.15,clinopyroxene_0,0.089556,0.214017,-1074.302881,0.026862,0.104676,,0.9777975966063117,cpx,Na0.07Ca0.74Fe''0.27Mg0.59Fe'''0.07Ti0.03Al0.51Si1.71O6,45.8825,1.15655,11.6195,2.49893,8.7574,0,10.5549,18.5437,0.986583,0,
3,12000.00,1539.15,feldspar_0,0.631054,1.591326,-8359.280097,0.236049,0.780930,,0.9777975966063117,,K0.01Na0.38Ca0.60Al1.60Si2.40O8,52.9132,0,30.0571,0,0,0,0,12.4508,4.37779,0.201062,
0,12000.00,1537.15,liquid_0,47.455640,128.660737,-543922.081928,16.785976,68.455771,2.552,0.9781510989592692,,,49.595,2.16785,20.4843,1.21258,11.064,0.316085,2.16494,7.46363,4.50126,1.03031,25.9
1,12000.00,1537.15,garnet_0,0.382965,0.899147,-4492.728216,0.102545,0.443059,,0.9781510989592692,,(Ca0.23Fe''0.37Mg0.40)3Al2Si3O12,40.177,0,22.7264,0,17.6018,0,10.8975,8.59734,0,0,
2,12000.00,1537.15,clinopyroxene_0,0.084505,0.201772,-1012.641310,0.025329,0.098694,,0.9781510989592692,cpx,Na0.07Ca0.74Fe''0.28Mg0.58Fe'''0.07Ti0.03Al0.51Si1.71O6,45.8248,1.19722,11.6057,2.5296,8.85323,0,10.4645,18.5265,0.998414,0,
3,12000.00,1537.15,feldspar_0,0.610083,1.538163,-8081.737269,0.228304,0.754913,,0.9781510989592692,,K0.01Na0.39Ca0.60Al1.60Si2.40O8,53.0889,0,29.9369,0,0,0,0,12.3107,4.45424,0.20925,
0,12000.00,1535.15,liquid_0,46.421219,125.772403,-531425.698913,16.413974,66.900437,2.562,0.9784896831339255,,,49.63,2.21405,20.3637,1.2242,11.1652,0.323128,2.11053,7.37639,4.54234,1.05051,25.2
1,12000.00,1535.15,garnet_0,0.366783,0.860202,-4296.989331,0.098131,0.423955,,0.9784896831339255,,(Ca0.23Fe''0.37Mg0.40)3Al2Si3O12,40.1451,0,22.7084,0,17.775,0,10.7909,8.58069,0,0,
2,12000.00,1535.15,clinopyroxene_0,0.079883,0.190569,-956.238098,0.023927,0.093222,,0.9784896831339255,cpx,Na0.07Ca0.74Fe''0.28Mg0.58Fe'''0.07Ti0.03Al0.51Si1.71O6,45.7653,1.23921,11.5924,2.5607,8.94879,0,10.3733,18.5102,1.01019,0,
3,12000.00,1535.15,feldspar_0,0.590243,1.487859,-7819.146310,0.220975,0.730297,,0.9784896831339255,,K0.01Na0.40Ca0.59Al1.59Si2.41O8,53.2638,0,29.8172,0,0,0,0,12.1711,4.53018,0.217661,
0,12000.00,1533.15,liquid_0,45.425132,122.991052,-519395.161522,16.055606,65.403797,2.572,0.9788142743306570,,,49.6626,2.26049,20.2432,1.23584,11.2665,0.330214,2.05748,7.29057,4.58243,1.0707,24.6
1,12000.00,1533.15,garnet_0,0.351491,0.823428,-4112.203546,0.093963,0.405915,,0.9788142743306570,,(Ca0.23Fe''0.37Mg0.40)3Al2Si3O12,40.1133,0,22.6903,0,17.948,0,10.6845,8.56393,0,0,
2,12000.00,1533.15,clinopyroxene_0,0.075654,0.180322,-904.648139,0.022644,0.088216,,0.9788142743306570,cpx,Na0.07Ca0.74Fe''0.28Mg0.57Fe'''0.07Ti0.04Al0.51Si1.71O6,45.7038,1.28263,11.5795,2.59226,9.04405,0,10.2811,18.4947,1.02191,0,
3,12000.00,1533.15,feldspar_0,0.571444,1.440193,-7570.346825,0.214029,0.706974,,0.9788142743306570,,K0.01Na0.40Ca0.58Al1.58Si2.42O8,53.4378,0,29.6981,0,0,0,0,12.0322,4.60558,0.226299,
0,12000.00,1531.15,liquid_0,44.465231,120.310703,-507804.244661,15.710110,63.962537,2.581,0.9791257204683501,,,49.6929,2.30717,20.1228,1.2475,11.368,0.337342,2.00574,7.20614,4.62154,1.09089,23.9
1,12000.00,1531.15,garnet_0,0.337024,0.788661,-3937.537626,0.090021,0.388858,,0.9791257204683501,,(Ca0.23Fe''0.38Mg0.39)3Al2Si3O12,40.0814,0,22.6723,0,18.1209,0,10.5783,8.54705,0,0,
2,12000.00,1531.15,clinopyroxene_0,0.071786,0.170951,-857.469946,0.021470,0.083637,,0.9791257204683501,cpx,Na0.07Ca0.74Fe''0.29Mg0.57Fe'''0.07Ti0.04Al0.51Si1.71O6,45.6402,1.32755,11.5672,2.62429,9.13901,0,10.188,18.4801,1.03358,0,
3,12000.00,1531.15,feldspar_0,0.553609,1.394965,-7334.293469,0.207438,0.684847,,0.9791257204683501,,K0.01Na0.41Ca0.58Al1.58Si2.42O8,53.6109,0,29.5795,0,0,0,0,11.894,4.68042,0.235167,
0,12000.00,1529.15,liquid_0,43.539530,117.725822,-496628.705866,15.376782,62.573593,2.591,0.9794247989524424,,,49.7208,2.3541,20.0026,1.25917,11.4697,0.344515,1.95527,7.12304,4.65969,1.11108,23.3
1,12000.00,1529.15,garnet_0,0.323319,0.755750,-3772.237736,0.086290,0.372710,,0.9794247989524424,,(Ca0.23Fe''0.38Mg0.39)3Al2Si3O12,40.0497,0,22.6544,0,18.2936,0,10.4723,8.53003,0,0,
2,12000.00,1529.15,clinopyroxene_0,0.068249,0.162383,-814.340886,0.020397,0.079451,,0.9794247989524424,cpx,Na0.08Ca0.74Fe''0.29Mg0.56Fe'''0.07Ti0.04Al0.51Si1.71O6,45.5745,1.37407,11.5554,2.65681,9.23365,0,10.094,18.4664,1.04517,0,
3,12000.00,1529.15,feldspar_0,0.536665,1.351994,-7110.042727,0.201175,0.663825,,0.9794247989524424,,K0.01Na0.42Ca0.57Al1.57Si2.43O8,53.783,0,29.4615,0,0,0,0,11.7565,4.75468,0.24427,
0,12000.00,1527.15,liquid_0,42.646188,115.231287,-485846.097157,15.054969,61.234128,2.600,0.9797122227316059,,,49.7465,2.40128,19.8826,1.27087,11.5716,0.351731,1.90604,7.04125,4.69688,1.13126,22.7
1,12000.00,1527.15,garnet_0,0.310321,0.724562,-3615.620381,0.082753,0.357406,,0.9797122227316059,,(Ca0.23Fe''0.39Mg0.39)3Al2Si3O12,40.0179,0,22.6364,0,18.4663,0,10.3665,8.51286,0,0,
2,12000.00,1527.15,clinopyroxene_0,0.065017,0.154555,-774.933055,0.019417,0.075626,,0.9797122227316059,cpx,Na0.08Ca0.74Fe''0.29Mg0.56Fe'''0.08Ti0.04Al0.51Si1.71O6,45.5065,1.42232,11.5442,2.68982,9.32793,0,9.99904,18.4536,1.0567,0,
3,12000.00,1527.15,feldspar_0,0.520549,1.311118,-6896.741365,0.195216,0.643830,,0.9797122227316059,,K0.01Na0.42Ca0.56Al1.56Si2.44O8,53.9542,0,29.3441,0,0,0,0,11.6198,4.82834,0.253612,
0,12000.00,1525.15,liquid_0,41.783499,112.822340,-475435.597673,14.744065,59.941508,2.608,0.9799886457326840,,,49.7698,2.4487,19.7628,1.28259,11.6737,0.358993,1.85799,6.96072,4.73315,1.15144,22.1
1,12000.00,1525.15,garnet_0,0.297980,0.694972,-3467.064504,0.079397,0.342885,,0.9799886457326840,,(Ca0.23Fe''0.39Mg0.38)3Al2Si3O12,39.9862,0,22.6185,0,18.6389,0,10.2609,8.49552,0,0,
2,12000.00,1525.15,clinopyroxene_0,0.062066,0.147406,-738.949701,0.018521,0.072132,,0.9799886457326840,cpx,Na0.08Ca0.74Fe''0.30Mg0.55Fe'''0.08Ti0.04Al0.51Si1.70O6,45.436,1.4724,11.5335,2.72334,9.42183,0,9.90307,18.4417,1.06814,0,
3,12000.00,1525.15,feldspar_0,0.505202,1.272188,-6693.616324,0.189540,0.624789,,0.9799886457326840,,K0.02Na0.43Ca0.56Al1.56Si2.44O8,54.1243,0,29.2274,0,0,0,0,11.4838,4.90138,0.263197,
0,12000.00,1523.15,liquid_0,40.949874,110.494564,-465377.864512,14.443507,58.693288,2.616,0.9802546677335930,,,49.7909,2.49638,19.6433,1.29433,11.7761,0.366302,1.8111,6.88142,4.7685,1.17162,21.5
1,12000.00,1523.15,garnet_0,0.286250,0.666870,-3326.004581,0.076209,0.329093,,0.9802546677335930,,(Ca0.23Fe''0.39Mg0.38)3Al2Si3O12,39.9546,0,22.6006,0,18.8114,0,10.1555,8.47799,0,0,
2,12000.00,1523.15,clinopyroxene_0,0.059375,0.140884,-706.122123,0.017704,0.068945,,0.9802546677335930,cpx,Na0.08Ca0.74Fe''0.30Mg0.55Fe'''0.08Ti0.04Al0.51Si1.70O6,45.3629,1.52445,11.5235,2.7574,9.5153,0,9.80609,18.4309,1.07951,0,
3,12000.00,1523.15,feldspar_0,0.490571,1.235070,-6499.965853,0.184127,0.606636,,0.9802546677335930,,K0.02Na0.44Ca0.55Al1.55Si2.45O8,54.2933,0,29.1113,0,0,0,0,11.3485,4.97379,0.27303,
0,12000.00,1521.15,liquid_0,40.143839,108.243843,-455654.899513,14.152771,57.487192,2.624,0.9805108387350682,,,49.8098,2.5443,19.5239,1.30609,11.8789,0.373656,1.76533,6.80331,4.80295,1.19179,20.9
1,12000.00,1521.15,garnet_0,0.275089,0.640153,-3191.924549,0.073178,0.315978,,0.9805108387350682,,(Ca0.23Fe''0.40Mg0.38)3Al2Si3O12,39.9229,0,22.5827,0,18.9839,0,10.0502,8.46026,0,0,
2,12000.00,1521.15,clinopyroxene_0,0.056922,0.134941,-676.206993,0.016960,0.066041,,0.9805108387350682,cpx,Na0.08Ca0.74Fe''0.30Mg0.54Fe'''0.08Ti0.04Al0.51Si1.70O6,45.287,1.57863,11.5141,2.79199,9.60831,0,9.70808,18.4211,1.09078,0,
3,12000.00,1521.15,feldspar_0,0.476608,1.199643,-6315.151698,0.178960,0.589312,,0.9805108387350682,,K0.02Na0.44Ca0.54Al1.54Si2.46O8,54.4613,0,28.9959,0,0,0,0,11.2141,5.04555,0.283115,
0,12000.00,1519.15,liquid_0,39.364015,106.066343,-446249.930058,13.871370,56.321100,2.632,0.9807576628736781,,,49.8264,2.59247,19.4048,1.31788,11.982,0.381059,1.72064,6.72635,4.8365,1.21195,20.4
1,12000.00,1519.15,garnet_0,0.264459,0.614727,-3064.352482,0.070292,0.303496,,0.9807576628736781,,(Ca0.23Fe''0.40Mg0.37)3Al2Si3O12,39.8913,0,22.5648,0,19.1564,0,9.94517,8.44232,0,0,
2,12000.00,1519.15,clinopyroxene_0,0.054692,0.129533,-648.984038,0.016282,0.063398,,0.9807576628736781,cpx,Na0.08Ca0.74Fe''0.30Mg0.54Fe'''0.08Ti0.05Al0.51Si1.70O6,45.2082,1.63512,11.5053,2.82715,9.70079,0,9.60899,18.4125,1.10194,0,
3,12000.00,1519.15,feldspar_0,0.463269,1.165795,-6138.592216,0.174023,0.572761,,0.9807576628736781,,K0.02Na0.45Ca0.54Al1.54Si2.46O8,54.6282,0,28.8812,0,0,0,0,11.0805,5.11665,0.293456,
0,12000.00,1517.15,liquid_0,38.609118,103.958483,-437147.302205,13.598846,55.193032,2.639,0.9809956019027606,,,49.8407,2.64089,19.286,1.32969,12.0854,0.388509,1.67699,6.6505,4.86919,1.23211,19.8
1,12000.00,1517.15,garnet_0,0.254325,0.590507,-2942.855871,0.067543,0.291605,,0.9809956019027606,,(Ca0.23Fe''0.41Mg0.37)3Al2Si3O12,39.8598,0,22.547,0,19.3288,0,9.8403,8.42413,0,0,
2,12000.00,1517.15,clinopyroxene_0,0.052668,0.124620,-624.254058,0.015667,0.060997,,0.9809956019027606,cpx,Na0.08Ca0.74Fe''0.31Mg0.53Fe'''0.08Ti0.05Al0.51Si1.70O6,45.1262,1.69409,11.4974,2.86288,9.79269,0,9.50878,18.405,1.113,0,
3,12000.00,1517.15,feldspar_0,0.450513,1.133425,-5969.756262,0.169300,0.556934,,0.9809956019027606,,K0.02Na0.45Ca0.53Al1.53Si2.47O8,54.7939,0,28.7671,0,0,0,0,10.9478,5.18709,0.30406,
0,12000.00,1515.15,liquid_0,37.877945,101.916914,-428332.384696,13.334774,54.101136,2.646,0.9812250782867611,,,49.8528,2.68956,19.1674,1.34153,12.1893,0.396009,1.63437,6.57574,4.90101,1.25226,19.3
1,12000.00,1515.15,garnet_0,0.244654,0.567414,-2827.037450,0.064921,0.280266,,0.9812250782867611,,(Ca0.23Fe''0.41Mg0.36)3Al2Si3O12,39.8282,0,22.5291,0,19.5014,0,9.73561,8.40569,0,0,
2,12000.00,1515.15,clinopyroxene_0,0.050834,0.120167,-601.837246,0.015109,0.058821,,0.9812250782867611,cpx,Na0.08Ca0.74Fe''0.31Mg0.53Fe'''0.08Ti0.05Al0.51Si1.70O6,45.0407,1.75578,11.4903,2.89921,9.88393,0,9.40743,18.3988,1.12392,0,
3,12000.00,1515.15,feldspar_0,0.438305,1.102440,-5808.157774,0.164779,0.541786,,0.9812250782867611,,K0.02Na0.46Ca0.52Al1.52Si2.48O8,54.9586,0,28.6538,0,0,0,0,10.8158,5.25685,0.314931,
0,12000.00,1513.15,liquid_0,37.169371,99.938501,-419791.482568,13.078756,53.043682,2.652,0.9814464779070856,,,49.8628,2.73847,19.0492,1.3534,12.2935,0.403558,1.59273,6.50202,4.93198,1.2724,18.8
1,12000.00,1513.15,garnet_0,0.235417,0.545375,-2716.531474,0.062418,0.269443,,0.9814464779070856,,(Ca0.23Fe''0.41Mg0.36)3Al2Si3O12,39.7967,0,22.5113,0,19.6739,0,9.6311,8.38698,0,0,
2,12000.00,1513.15,clinopyroxene_0,0.049179,0.116142,-581.571801,0.014605,0.056854,,0.9814464779070856,cpx,Na0.08Ca0.74Fe''0.31Mg0.52Fe'''0.08Ti0.05Al0.51Si1.69O6,44.9515,1.82045,11.484,2.93614,9.97442,0,9.30488,18.3939,1.13471,0,
3,12000.00,1513.15,feldspar_0,0.426610,1.072754,-5653.350920,0.160446,0.527274,,0.9814464779070856,,K0.02Na0.47Ca0.52Al1.52Si2.48O8,55.1221,0,28.5411,0,0,0,0,10.6847,5.32593,0.326076,
0,12000.00,1511.15,liquid_0,36.482342,98.020303,-411511.759249,12.830417,52.019046,2.658,0.9816601523983436,,,49.8705,2.78762,18.9312,1.36529,12.3982,0.411158,1.55205,6.4293,4.96211,1.29252,18.2
1,12000.00,1511.15,garnet_0,0.226586,0.524324,-2611.000377,0.060027,0.259104,,0.9816601523983436,,(Ca0.23Fe''0.42Mg0.36)3Al2Si3O12,39.7652,0,22.4935,0,19.8466,0,9.52677,8.36797,0,0,
2,12000.00,1511.15,clinopyroxene_0,0.047690,0.112515,-563.312815,0.014151,0.055081,,0.9816601523983436,cpx,Na0.08Ca0.74Fe''0.32Mg0.52Fe'''0.08Ti0.05Al0.51Si1.69O6,44.8582,1.88838,11.4788,2.9737,10.0641,0,9.20106,18.3905,1.14534,0,
3,12000.00,1511.15,feldspar_0,0.415397,1.044290,-5504.925745,0.156291,0.513361,,0.9816601523983436,,K0.02Na0.47Ca0.51Al1.51Si2.49O8,55.2845,0,28.4292,0,0,0,0,10.5545,5.39432,0.337499,
0,12000.00,1509.15,liquid_0,35.815866,96.159560,-403481.166160,12.589405,51.025704,2.664,0.9818664210911088,,,49.8761,2.83701,18.8136,1.37722,12.5034,0.418809,1.51229,6.35755,4.99143,1.31264,17.7
1,12000.00,1509.15,garnet_0,0.218135,0.504200,-2510.131771,0.057741,0.249218,,0.9818664210911088,,(Ca0.23Fe''0.42Mg0.35)3Al2Si3O12,39.7337,0,22.4756,0,20.0194,0,9.42261,8.34864,0,0,
2,12000.00,1509.15,clinopyroxene_0,0.046357,0.109262,-546.931438,0.013743,0.053491,,0.9818664210911088,cpx,Na0.08Ca0.74Fe''0.32Mg0.51Fe'''0.09Ti0.06Al0.51Si1.69O6,44.7604,1.95992,11.4746,3.01191,10.1527,0,9.09593,18.3887,1.1558,0,
3,12000.00,1509.15,feldspar_0,0.404637,1.016974,-5362.504234,0.152303,0.500010,,0.9818664210911088,,K0.02Na0.48Ca0.50Al1.50Si2.50O8,55.4458,0,28.3179,0,0,0,0,10.4251,5.46202,0.349207,
0,12000.00,1507.15,liquid_0,35.169011,94.353677,-395688.378957,12.355391,50.062223,2.670,0.9820655725468191,,,49.8795,2.88664,18.6962,1.38917,12.6091,0.426512,1.47343,6.28674,5.01994,1.33274,17.2
1,12000.00,1507.15,garnet_0,0.210042,0.484943,-2413.635671,0.055553,0.239757,,0.9820655725468191,,(Ca0.22Fe''0.43Mg0.35)3Al2Si3O12,39.7022,0,22.4578,0,20.1923,0,9.31864,8.32897,0,0,
2,12000.00,1507.15,clinopyroxene_0,0.045170,0.106360,-532.314394,0.013380,0.052073,,0.9820655725468191,cpx,Na0.09Ca0.74Fe''0.32Mg0.51Fe'''0.09Ti0.06Al0.51Si1.69O6,44.6577,2.03548,11.4717,3.05078,10.2403,0,8.98939,18.3886,1.16605,0,
3,12000.00,1507.15,feldspar_0,0.394305,0.990742,-5225.736687,0.148473,0.487190,,0.9820655725468191,,K0.02Na0.48Ca0.50Al1.50Si2.50O8,55.6059,0,28.2074,0,0,0,0,10.2965,5.52902,0.361206,
0,12000.00,1505.15,liquid_0,34.540901,92.600208,-388122.739631,12.128065,49.127255,2.675,0.9822578656133666,,,49.8808,2.93648,18.5793,1.40115,12.7153,0.434268,1.43544,6.21682,5.04765,1.35283,16.8
1,12000.00,1505.15,garnet_0,0.202284,0.466502,-2321.241953,0.053456,0.230695,,0.9822578656133666,,(Ca0.22Fe''0.43Mg0.35)3Al2Si3O12,39.6708,0,22.4401,0,20.3654,0,9.21484,8.30893,0,0,
2,12000.00,1505.15,clinopyroxene_0,0.044123,0.103789,-519.363819,0.013058,0.050817,,0.9822578656133666,cpx,Na0.09Ca0.74Fe''0.33Mg0.50Fe'''0.09Ti0.06Al0.51Si1.68O6,44.5495,2.11555,11.4702,3.09033,10.3265,0,8.88136,18.3905,1.17608,0,
3,12000.00,1505.15,feldspar_0,0.384376,0.965529,-5094.298360,0.144790,0.474869,,0.9822578656133666,,K0.02Na0.49Ca0.49Al1.49Si2.51O8,55.7649,0,28.0975,0,0,0,0,10.1687,5.59533,0.373504,
0,12000.00,1503.15,liquid_0,33.930708,90.896849,-380774.203771,11.907132,48.219529,2.680,0.9824435299033220,,,49.88,2.98655,18.4627,1.41315,12.822,0.442077,1.3983,6.14776,5.07458,1.37291,16.3
1,12000.00,1503.15,garnet_0,0.194841,0.448825,-2232.697926,0.051447,0.222008,,0.9824435299033220,,(Ca0.22Fe''0.43Mg0.34)3Al2Si3O12,39.6393,0,22.4223,0,20.5387,0,9.11121,8.2885,0,0,
2,12000.00,1503.15,clinopyroxene_0,0.043209,0.101534,-507.997573,0.012775,0.049714,,0.9824435299033220,cpx,Na0.09Ca0.75Fe''0.33Mg0.49Fe'''0.09Ti0.06Al0.51Si1.68O6,44.4351,2.20069,11.4702,3.1306,10.4113,0,8.77171,18.3946,1.18585,0,
3,12000.00,1503.15,feldspar_0,0.374827,0.941279,-4967.886244,0.141248,0.463019,,0.9824435299033220,,K0.02Na0.49Ca0.48Al1.48Si2.52O8,55.9229,0,27.9883,0,0,0,0,10.0418,5.66095,0.386107,
0,12000.00,1501.15,liquid_0,33.337651,89.241424,-373633.292341,11.692317,47.337846,2.685,0.9826227655176686,,,49.8771,3.03683,18.3465,1.42519,12.9293,0.449942,1.36198,6.07951,5.10073,1.39297,15.8
1,12000.00,1501.15,garnet_0,0.187693,0.431865,-2147.765959,0.049518,0.213672,,0.9826227655176686,,(Ca0.22Fe''0.44Mg0.34)3Al2Si3O12,39.6079,0,22.4045,0,20.7122,0,9.00776,8.26764,0,0,
2,12000.00,1501.15,clinopyroxene_0,0.042422,0.099580,-498.150135,0.012531,0.048760,,0.9826227655176686,cpx,Na0.09Ca0.75Fe''0.33Mg0.49Fe'''0.09Ti0.07Al0.51Si1.68O6,44.3137,2.29161,11.4722,3.17159,10.4943,0,8.66032,18.4011,1.19531,0,
3,12000.00,1501.15,feldspar_0,0.365636,0.917938,-4846.215895,0.137837,0.451614,,0.9826227655176686,,K0.02Na0.50Ca0.48Al1.48Si2.52O8,56.0797,0,27.8798,0,0,0,0,9.91567,5.72588,0.399024,
0,12000.00,1499.15,liquid_0,32.760992,87.631875,-366691.047341,11.483358,46.481072,2.689,0.9827957417010521,,,49.8721,3.08731,18.2306,1.43725,13.0372,0.457862,1.32645,6.01204,5.12614,1.41301,15.4
1,12000.00,1499.15,garnet_0,0.180821,0.415579,-2066.221076,0.047665,0.205665,,0.9827957417010521,,(Ca0.22Fe''0.44Mg0.34)3Al2Si3O12,39.5765,0,22.3867,0,20.886,0,8.90448,8.24632,0,0,
2,12000.00,1499.15,clinopyroxene_0,0.041758,0.097918,-489.774317,0.012323,0.047948,,0.9827957417010521,cpx,Na0.09Ca0.75Fe''0.34Mg0.48Fe'''0.09Ti0.07Al0.51Si1.67O6,44.1843,2.3892,11.4763,3.21334,10.5751,0,8.547,18.4103,1.20443,0,
3,12000.00,1499.15,feldspar_0,0.356783,0.895453,-4729.018131,0.134551,0.440628,,0.9827957417010521,,K0.02Na0.50Ca0.47Al1.47Si2.53O8,56.2354,0,27.7719,0,0,0,0,9.79033,5.79012,0.412263,
0,12000.00,1497.15,liquid_0,32.200030,86.066254,-359938.990745,11.280007,45.648132,2.693,0.9829625938999371,,,49.8651,3.13798,18.1152,1.44934,13.1457,0.465838,1.29169,5.94529,5.1508,1.43303,14.9
1,12000.00,1497.15,garnet_0,0.174209,0.399923,-1987.848354,0.045884,0.197967,,0.9829625938999371,,(Ca0.22Fe''0.45Mg0.33)3Al2Si3O12,39.545,0,22.3689,0,21.0602,0,8.80138,8.2245,0,0,
2,12000.00,1497.15,clinopyroxene_0,0.041217,0.096544,-482.844187,0.012151,0.047276,,0.9829625938999371,cpx,Na0.09Ca0.75Fe''0.34Mg0.48Fe'''0.09Ti0.07Al0.51Si1.67O6,44.0456,2.49456,11.483,3.25587,10.6535,0,8.43154,18.4228,1.21313,0,
3,12000.00,1497.15,feldspar_0,0.348249,0.873776,-4616.035390,0.131382,0.430038,,0.9829625938999371,,K0.02Na0.51Ca0.47Al1.47Si2.53O8,56.3901,0,27.6646,0,0,0,0,9.66576,5.85367,0.425833,
0,12000.00,1495.15,liquid_0,31.654102,84.542710,-353369.086003,11.082031,44.838008,2.697,0.9831234182533988,,,49.8561,3.18881,18.0003,1.46146,13.2549,0.473872,1.25768,5.87922,5.17473,1.45304,14.5
1,12000.00,1495.15,garnet_0,0.167838,0.384857,-1912.439937,0.044169,0.190557,,0.9831234182533988,,(Ca0.22Fe''0.45Mg0.33)3Al2Si3O12,39.5136,0,22.3511,0,21.2347,0,8.69845,8.20213,0,0,
2,12000.00,1495.15,clinopyroxene_0,0.040798,0.095456,-477.359856,0.012015,0.046745,,0.9831234182533988,cpx,Na0.09Ca0.75Fe''0.34Mg0.47Fe'''0.09Ti0.07Al0.51Si1.67O6,43.8959,2.6091,11.4928,3.29921,10.7289,0,8.31364,18.4391,1.22133,0,
3,12000.00,1495.15,feldspar_0,0.340015,0.852860,-4507.017356,0.128324,0.419819,,0.9831234182533988,,K0.03Na0.52Ca0.46Al1.46Si2.54O8,56.5437,0,27.558,0,0,0,0,9.54194,5.91655,0.439743,
0,12000.00,1493.15,liquid_0,31.122576,83.059485,-346973.701297,10.889206,44.049732,2.701,0.9832782616297078,,,49.8451,3.2398,17.8858,1.47361,13.3647,0.481965,1.22438,5.81378,5.19794,1.47302,14.0
1,12000.00,1493.15,garnet_0,0.161693,0.370338,-1839.791319,0.042516,0.183416,,0.9832782616297078,,(Ca0.22Fe''0.45Mg0.32)3Al2Si3O12,39.4821,0,22.3333,0,21.4097,0,8.59568,8.17917,0,0,
2,12000.00,1493.15,clinopyroxene_0,0.040505,0.094661,-473.355293,0.011916,0.046358,,0.9832782616297078,cpx,Na0.09Ca0.75Fe''0.34Mg0.46Fe'''0.10Ti0.08Al0.52Si1.66O6,43.7332,2.73472,11.5065,3.34338,10.8005,0,8.19291,18.4599,1.22894,0,
3,12000.00,1493.15,feldspar_0,0.332062,0.832656,-4401.715220,0.125369,0.409949,,0.9832782616297078,,K0.03Na0.52Ca0.45Al1.45Si2.55O8,56.6964,0,27.452,0,0,0,0,9.41883,5.97877,0.454005,
0,12000.00,1491.15,liquid_0,30.604849,81.614904,-340745.573324,10.701321,43.282380,2.704,0.9834271034180747,,,49.8321,3.2909,17.7717,1.48577,13.4752,0.490118,1.19178,5.74891,5.22046,1.49299,13.6
1,12000.00,1491.15,garnet_0,0.155755,0.356328,-1769.696305,0.040920,0.176522,,0.9834271034180747,,(Ca0.22Fe''0.46Mg0.32)3Al2Si3O12,39.4506,0,22.3155,0,21.5852,0,8.49308,8.15555,0,0,
2,12000.00,1491.15,clinopyroxene_0,0.040345,0.094175,-470.911382,0.011855,0.046121,,0.9834271034180747,cpx,Na0.09Ca0.75Fe''0.35Mg0.46Fe'''0.10Ti0.08Al0.52Si1.66O6,43.5542,2.87399,11.5251,3.38843,10.8675,0,8.06882,18.4861,1.2358,0,
3,12000.00,1491.15,feldspar_0,0.324370,0.813116,-4299.873374,0.122511,0.400403,,0.9834271034180747,,K0.03Na0.53Ca0.45Al1.45Si2.55O8,56.8481,0,27.3465,0,0,0,0,9.29641,6.04034,0.468629,
0,12000.00,1489.15,liquid_0,30.100344,80.207363,-334677.769680,10.518172,42.535068,2.707,0.9835698204835375,,,49.8173,3.3421,17.6582,1.49796,13.5865,0.498333,1.15985,5.68452,5.2423,1.51293,13.2
1,12000.00,1489.15,garnet_0,0.150007,0.342781,-1701.939598,0.039376,0.169855,,0.9835698204835375,,(Ca0.22Fe''0.46Mg0.32)3Al2Si3O12,39.4191,0,22.2977,0,21.7614,0,8.39064,8.1312,0,0,
2,12000.00,1489.15,clinopyroxene_0,0.040330,0.094027,-470.178544,0.011836,0.046050,,0.9835698204835375,cpx,Na0.09Ca0.76Fe''0.35Mg0.45Fe'''0.10Ti0.09Al0.52Si1.65O6,43.3548,3.03056,11.5501,3.43438,10.9285,0,7.94061,18.5193,1.24171,0,
3,12000.00,1489.15,feldspar_0,0.316919,0.794188,-4201.216140,0.119741,0.391157,,0.9835698204835375,,K0.03Na0.53Ca0.44Al1.44Si2.56O8,56.999,0,27.2415,0,0,0,0,9.17462,6.10126,0.483628,
0,12000.00,1487.15,liquid_0,29.608506,78.835319,-328763.646074,10.339567,41.806946,2.710,0.9837061137431374,,,49.8007,3.39333,17.5453,1.51017,13.6984,0.506611,1.12857,5.62055,5.26348,1.53286,12.8
1,12000.00,1487.15,garnet_0,0.144429,0.329653,-1636.284899,0.037880,0.163393,,0.9837061137431374,,(Ca0.22Fe''0.47Mg0.31)3Al2Si3O12,39.3876,0,22.2798,0,21.9382,0,8.28836,8.10603,0,0,
2,12000.00,1487.15,clinopyroxene_0,0.040485,0.094268,-471.418415,0.011867,0.046169,,0.9837061137431374,cpx,Na0.09Ca0.76Fe''0.35Mg0.44Fe'''0.10Ti0.09Al0.52Si1.64O6,43.1285,3.20996,11.5837,3.48126,10.9816,0,7.80711,18.5615,1.24637,0,
3,12000.00,1487.15,feldspar_0,0.309685,0.775811,-4105.424236,0.117051,0.382179,,0.9837061137431374,,K0.03Na0.54Ca0.44Al1.44Si2.56O8,57.1489,0,27.137,0,0,0,0,9.05341,6.16158,0.499017,
0,12000.00,1485.15,liquid_0,29.128796,77.497275,-322996.790076,10.165318,41.097188,2.712,0.9838353323635062,,,49.7825,3.44452,17.4329,1.5224,13.8112,0.514954,1.09789,5.55687,5.28402,1.55278,12.4
1,12000.00,1485.15,garnet_0,0.138997,0.316886,-1572.454222,0.036424,0.157106,,0.9838353323635062,,(Ca0.22Fe''0.47Mg0.31)3Al2Si3O12,39.356,0,22.262,0,22.116,0,8.18622,8.0799,0,0,
2,12000.00,1485.15,clinopyroxene_0,0.040849,0.094985,-475.087198,0.011956,0.046521,,0.9838353323635062,cpx,Na0.09Ca0.76Fe''0.35Mg0.44Fe'''0.10Ti0.10Al0.52Si1.64O6,42.8649,3.42108,11.6297,3.52909,11.0236,0,7.66641,18.616,1.24928,0,
3,12000.00,1485.15,feldspar_0,0.302637,0.757908,-4012.087949,0.114429,0.373433,,0.9838353323635062,,K0.03Na0.54Ca0.43Al1.43Si2.57O8,57.2982,0,27.033,0,0,0,0,8.93272,6.22131,0.514812,
0,12000.00,1483.15,liquid_0,28.660676,76.191753,-317370.929157,9.995244,40.404972,2.715,0.9839559505865305,,,49.7627,3.49557,17.3212,1.53463,13.9248,0.523365,1.06779,5.49332,5.30398,1.57268,12.0
1,12000.00,1483.15,garnet_0,0.133680,0.304410,-1510.089197,0.035000,0.150960,,0.9839559505865305,,(Ca0.22Fe''0.47Mg0.31)3Al2Si3O12,39.3243,0,22.244,0,22.2948,0,8.08421,8.05264,0,0,
2,12000.00,1483.15,clinopyroxene_0,0.041494,0.096341,-482.023696,0.012126,0.047186,,0.9839559505865305,cpx,Na0.09Ca0.77Fe''0.35Mg0.43Fe'''0.10Ti0.11Al0.53Si1.63O6,42.5449,3.68,11.6949,3.57783,11.049,0,7.51509,18.6888,1.24955,0,
3,12000.00,1483.15,feldspar_0,0.295729,0.740364,-3920.599239,0.111857,0.364860,,0.9839559505865305,,K0.03Na0.55Ca0.42Al1.42Si2.58O8,57.4468,0,26.9292,0,0,0,0,8.81244,6.2805,0.531035,
0,12000.00,1481.15,liquid_0,28.203592,74.917228,-311879.726712,9.829161,39.729448,2.717,0.9840627750337723,,,49.7417,3.54629,17.2103,1.54687,14.0392,0.531847,1.03821,5.42968,5.32339,1.59257,11.6
1,12000.00,1481.15,garnet_0,0.128434,0.292121,-1448.678470,0.033598,0.144905,,0.9840627750337723,,(Ca0.22Fe''0.48Mg0.30)3Al2Si3O12,39.2925,0,22.2261,0,22.4752,0,7.98231,8.02396,0,0,
2,12000.00,1481.15,clinopyroxene_0,0.042568,0.098668,-493.959049,0.012416,0.048327,,0.9840627750337723,cpx,Na0.09Ca0.77Fe''0.35Mg0.42Fe'''0.10Ti0.12Al0.53Si1.61O6,42.1275,4.02144,11.7944,3.62722,11.0458,0,7.34566,18.7926,1.24528,0,
3,12000.00,1481.15,feldspar_0,0.288876,0.722969,-3829.843827,0.109305,0.356359,,0.9840627750337723,,K0.03Na0.55Ca0.42Al1.42Si2.58O8,57.595,0,26.8256,0,0,0,0,8.69241,6.33923,0.547712,
0,12000.00,1479.15,liquid_0,27.756867,73.672506,-306514.962532,9.666866,37.970059,2.719,0.9840454911573731,,,49.7201,3.59621,17.1004,1.55908,14.1544,0.540407,1.00907,5.36543,5.3424,1.61249,11.3
1,12000.00,1479.15,garnet_0,0.123201,0.279891,-1387.570250,0.032200,0.138875,,0.9840454911573731,,(Ca0.22Fe''0.48Mg0.30)3Al2Si3O12,39.2605,0,22.208,0,22.6578,0,7.88045,7.9933,0,0,
2,12000.00,1479.15,clinopyroxene_0,0.044459,0.102830,-515.413298,0.012934,0.050367,,0.9840454911573731,cpx,Na0.09Ca0.78Fe''0.35Mg0.41Fe'''0.11Ti0.13Al0.54Si1.59O6,41.4841,4.55413,11.9768,3.67587,10.978,0,7.13462,18.9658,1.23057,0,
3,12000.00,1479.15,feldspar_0,0.281872,0.705201,-3737.054482,0.106694,0.347671,,0.9840454911573731,,K0.03Na0.56Ca0.41Al1.41Si2.59O8,57.7432,0,26.7219,0,0,0,0,8.57229,6.39765,0.564891,
0,12000.00,1477.15,liquid_0,27.316799,72.448281,-301242.650187,9.507544,37.337579,2.722,0.9840357083251033,,,49.7085,3.63919,16.9905,1.57119,14.2699,0.549113,0.979738,5.29657,5.36266,1.6327,10.9
1,12000.00,1477.15,garnet_0,0.120337,0.273061,-1353.195601,0.031423,0.135522,,0.9840357083251033,,(Ca0.22Fe''0.49Mg0.30)3Al2Si3O12,39.2278,0,22.1895,0,22.8477,0,7.77814,7.9569,0,0,
2,12000.00,1477.15,clinopyroxene_0,0.051448,0.117839,-597.667968,0.014765,0.057793,,0.9840357083251033,cpx,Na0.08Ca0.83Fe''0.32Mg0.36Fe'''0.10Ti0.23Al0.62Si1.44O6,37.3261,8.02649,13.653,3.56373,10.0487,0,6.30138,20.0192,1.06137,0,
3,12000.00,1477.15,feldspar_0,0.271108,0.678048,-3594.399061,0.102658,0.334348,,0.9840357083251033,,K0.03Na0.56Ca0.41Al1.41Si2.59O8,57.8956,0,26.6153,0,0,0,0,8.44872,6.45743,0.58304,
0,12000.00,1475.15,liquid_0,26.883531,71.243877,-296065.970705,9.351159,36.714382,2.726,0.9841348314301086,,,49.7046,3.67557,16.8857,1.58294,14.3866,0.557962,0.949553,5.21977,5.38399,1.65324,10.5
1,12000.00,1475.15,garnet_0,0.108954,0.246935,-1223.132788,0.028423,0.122586,,0.9841348314301086,,(Ca0.22Fe''0.49Mg0.29)3Al2Si3O12,39.1937,0,22.1702,0,23.0517,0,7.67481,7.90965,0,0,
2,12000.00,1475.15,clinopyroxene_0,0.068427,0.156233,-794.822876,0.019563,0.076692,,0.9841348314301086,cpx,Na0.08Ca0.84Fe''0.32Mg0.35Fe'''0.10Ti0.26Al0.64Si1.41O6,36.2996,8.86882,14.1085,3.50298,9.95829,0,6.04823,20.1816,1.03194,0,
3,12000.00,1475.15,feldspar_0,0.258758,0.646955,-3430.695826,0.098021,0.319075,,0.9841348314301086,,K0.03Na0.57Ca0.40Al1.40Si2.60O8,58.0534,0,26.5046,0,0,0,0,8.32063,6.51916,0.602174,
0,12000.00,1473.15,liquid_0,26.459848,70.066415,-291006.531459,9.198275,36.105317,2.730,0.9842434205593117,,,49.701,3.71068,16.781,1.5947,14.5042,0.566897,0.919949,5.14283,5.40496,1.67379,10.2
1,12000.00,1473.15,garnet_0,0.105307,0.238382,-1180.177785,0.027444,0.118369,,0.9842434205593117,,(Ca0.22Fe''0.50Mg0.29)3Al2Si3O12,39.1594,0,22.1508,0,23.2575,0,7.57137,7.86092,0,0,
2,12000.00,1473.15,clinopyroxene_0,0.068385,0.155806,-793.896489,0.019506,0.076532,,0.9842434205593117,cpx,Na0.08Ca0.84Fe''0.32Mg0.34Fe'''0.10Ti0.27Al0.66Si1.39O6,35.7501,9.3161,14.344,3.47481,9.97087,0,5.87891,20.2427,1.02251,0,
3,12000.00,1473.15,feldspar_0,0.252866,0.632017,-3352.584626,0.095826,0.311765,,0.9842434205593117,,K0.04Na0.57Ca0.39Al1.39Si2.61O8,58.2113,0,26.3939,0,0,0,0,8.1924,6.58051,0.62197,
0,12000.00,1471.15,liquid_0,26.045761,68.915840,-286063.081317,9.048841,35.510472,2.734,0.9843536176952078,,,49.6966,3.74522,16.6761,1.60651,14.6225,0.575909,0.891036,5.06644,5.42538,1.69431,9.8
1,12000.00,1471.15,garnet_0,0.102137,0.230926,-1142.691480,0.026592,0.114695,,0.9843536176952078,,(Ca0.21Fe''0.50Mg0.28)3Al2Si3O12,39.1251,0,22.1314,0,23.4642,0,7.46792,7.81146,0,0,
2,12000.00,1471.15,clinopyroxene_0,0.067062,0.152518,-777.999356,0.019093,0.074959,,0.9843536176952078,cpx,Na0.08Ca0.84Fe''0.33Mg0.33Fe'''0.10Ti0.28Al0.66Si1.37O6,35.3522,9.63852,14.5078,3.45783,10.0145,0,5.73637,20.2734,1.01932,0,
3,12000.00,1471.15,feldspar_0,0.247763,0.619062,-3284.945804,0.093930,0.305431,,0.9843536176952078,,K0.04Na0.58Ca0.39Al1.39Si2.61O8,58.3686,0,26.2833,0,0,0,0,8.06449,6.64124,0.642409,
0,12000.00,1469.15,liquid_0,25.641070,67.791558,-281232.572874,8.902759,34.929573,2.738,0.9844626815279531,,,49.6909,3.7795,16.5708,1.61837,14.7418,0.584999,0.862847,4.99087,5.44518,1.71479,9.4
1,12000.00,1469.15,garnet_0,0.099164,0.223934,-1107.528856,0.025792,0.111251,,0.9844626815279531,,(Ca0.21Fe''0.51Mg0.28)3Al2Si3O12,39.0907,0,22.1119,0,23.6713,0,7.36452,7.76157,0,0,
2,12000.00,1469.15,clinopyroxene_0,0.065314,0.148305,-757.144966,0.018567,0.072926,,0.9844626815279531,cpx,Na0.08Ca0.85Fe''0.33Mg0.33Fe'''0.10Ti0.29Al0.67Si1.36O6,35.0352,9.89454,14.6327,3.44706,10.0742,0,5.60821,20.2886,1.01942,0,
3,12000.00,1469.15,feldspar_0,0.243088,0.607179,-3222.967424,0.092194,0.299625,,0.9844626815279531,,K0.04Na0.58Ca0.38Al1.38Si2.62O8,58.5251,0,26.1731,0,0,0,0,7.93707,6.70122,0.663491,
0,12000.00,1467.15,liquid_0,25.245507,66.692804,-276511.422266,8.759918,34.362238,2.741,0.9845692680334807,,,49.6835,3.81373,16.4652,1.63029,14.8619,0.594165,0.835392,4.91627,5.46432,1.7352,9.1
1,12000.00,1467.15,garnet_0,0.096328,0.217265,-1074.002044,0.025030,0.107965,,0.9845692680334807,,(Ca0.21Fe''0.51Mg0.28)3Al2Si3O12,39.0563,0,22.0925,0,23.8786,0,7.26121,7.71141,0,0,
2,12000.00,1467.15,clinopyroxene_0,0.063387,0.143713,-734.204085,0.017994,0.070703,,0.9845692680334807,cpx,Na0.08Ca0.85Fe''0.33Mg0.32Fe'''0.10Ti0.30Al0.68Si1.35O6,34.7701,10.1082,14.7324,3.44041,10.1438,0,5.48933,20.2942,1.02163,0,
3,12000.00,1467.15,feldspar_0,0.238723,0.596073,-3165.087317,0.090574,0.294201,,0.9845692680334807,,K0.04Na0.59Ca0.37Al1.37Si2.63O8,58.6807,0,26.0634,0,0,0,0,7.81025,6.76039,0.68523,
0,12000.00,1465.15,liquid_0,24.858781,65.618756,-271895.865007,8.620207,33.808039,2.744,0.9846726139385722,,,49.6742,3.84805,16.3592,1.64228,14.9831,0.603409,0.808669,4.84271,5.48275,1.75555,8.8
1,12000.00,1465.15,garnet_0,0.093606,0.210867,-1041.843804,0.024298,0.104813,,0.9846726139385722,,(Ca0.21Fe''0.52Mg0.27)3Al2Si3O12,39.0219,0,22.073,0,24.086,0,7.15802,7.66109,0,0,
2,12000.00,1465.15,clinopyroxene_0,0.061387,0.138980,-710.433589,0.017403,0.068407,,0.9846726139385722,cpx,Na0.08Ca0.85Fe''0.33Mg0.31Fe'''0.10Ti0.30Al0.68Si1.35O6,34.5416,10.292,14.8141,3.43672,10.2201,0,5.37707,20.2931,1.02532,0,
3,12000.00,1465.15,feldspar_0,0.234609,0.585599,-3110.534064,0.089048,0.289087,,0.9846726139385722,,K0.04Na0.59Ca0.37Al1.37Si2.63O8,58.8353,0,25.9542,0,0,0,0,7.68409,6.8187,0.707642,
0,12000.00,1463.15,liquid_0,24.480591,64.568572,-267382.103586,8.483510,33.266533,2.747,0.9847722465653701,,,49.6629,3.88257,16.2529,1.65435,15.1053,0.61273,0.782673,4.77026,5.50047,1.77581,8.5
1,12000.00,1463.15,garnet_0,0.090984,0.204711,-1010.912742,0.023594,0.101780,,0.9847722465653701,,(Ca0.21Fe''0.52Mg0.27)3Al2Si3O12,38.9876,0,22.0536,0,24.2932,0,7.05499,7.61068,0,0,
2,12000.00,1463.15,clinopyroxene_0,0.059369,0.134230,-686.486921,0.016811,0.066099,,0.9847722465653701,cpx,Na0.08Ca0.85Fe''0.34Mg0.31Fe'''0.10Ti0.31Al0.68Si1.34O6,34.3407,10.4534,14.8819,3.43531,10.3014,0,5.26984,20.2872,1.03013,0,
3,12000.00,1463.15,feldspar_0,0.230711,0.575670,-3058.847164,0.087603,0.284241,,0.9847722465653701,,K0.04Na0.60Ca0.36Al1.36Si2.64O8,58.9889,0,25.8456,0,0,0,0,7.55863,6.87612,0.730746,
0,12000.00,1461.15,liquid_0,24.110637,63.541411,-262966.378885,8.349715,32.737276,2.749,0.9848678546978996,,,49.6494,3.91736,16.1462,1.66649,15.2286,0.622132,0.757396,4.69895,5.51746,1.79598,8.1
1,12000.00,1461.15,garnet_0,0.088455,0.198777,-981.115603,0.022915,0.098856,,0.9848678546978996,,(Ca0.21Fe''0.53Mg0.27)3Al2Si3O12,38.9533,0,22.0342,0,24.5001,0,6.95214,7.56023,0,0,
2,12000.00,1461.15,clinopyroxene_0,0.057366,0.129532,-662.736110,0.016226,0.063813,,0.9848678546978996,cpx,Na0.08Ca0.85Fe''0.34Mg0.30Fe'''0.10Ti0.31Al0.69Si1.33O6,34.1615,10.5972,14.9389,3.43573,10.3865,0,5.16661,20.2776,1.03584,0,
3,12000.00,1461.15,feldspar_0,0.227007,0.566226,-3009.718569,0.086230,0.279633,,0.9848678546978996,,K0.04Na0.60Ca0.36Al1.36Si2.64O8,59.1414,0,25.7375,0,0,0,0,7.4339,6.93262,0.754567,
0,12000.00,1459.15,liquid_0,23.748622,62.536445,-258645.007100,8.218714,32.219824,2.751,0.9849592224259911,,,49.6336,3.9525,16.0391,1.67871,15.3531,0.631616,0.732825,4.62881,5.53371,1.81606,7.8
1,12000.00,1459.15,garnet_0,0.086013,0.193053,-952.380633,0.022261,0.096035,,0.9849592224259911,,(Ca0.21Fe''0.53Mg0.26)3Al2Si3O12,38.9191,0,22.0148,0,24.7068,0,6.8495,7.50977,0,0,
2,12000.00,1459.15,clinopyroxene_0,0.055397,0.124926,-639.403678,0.015652,0.061571,,0.9849592224259911,cpx,Na0.08Ca0.85Fe''0.34Mg0.30Fe'''0.10Ti0.32Al0.69Si1.33O6,34.0001,10.7269,14.987,3.43766,10.4746,0,5.06666,20.2649,1.04227,0,
3,12000.00,1459.15,feldspar_0,0.223479,0.557226,-2962.926142,0.084922,0.275244,,0.9849592224259911,,K0.04Na0.61Ca0.35Al1.35Si2.65O8,59.2927,0,25.6301,0,0,0,0,7.30991,6.98816,0.779129,
0,12000.00,1457.15,liquid_0,23.394254,61.552866,-254414.398893,8.090401,31.713747,2.753,0.9182739853565386,,,49.6154,3.98804,15.9315,1.69102,15.4788,0.641183,0.70895,4.55984,5.54922,1.83603,7.5
1,12000.00,1457.15,garnet_0,0.083653,0.187525,-924.646926,0.021628,0.093310,,0.9182739853565386,,(Ca0.21Fe''0.54Mg0.26)3Al2Si3O12,38.8849,0,21.9955,0,24.9131,0,6.7471,7.45934,0,0,
2,12000.00,1457.15,clinopyroxene_0,0.053472,0.120436,-616.625592,0.015093,0.059384,,0.9182739853565386,cpx,Na0.08Ca0.85Fe''0.35Mg0.29Fe'''0.10Ti0.32Al0.69Si1.32O6,33.8534,10.8447,15.0274,3.44087,10.565,0,4.96951,20.2497,1.04933,0,
3,12000.00,1457.15,feldspar_0,0.220115,0.548638,-2918.301269,0.083677,0.271056,,0.9182739853565386,,K0.05Na0.61Ca0.34Al1.34Si2.66O8,59.443,0,25.5232,0,0,0,0,7.18667,7.04272,0.804461,
0,12000.00,1455.15,liquid_0,21.492244,56.537279,-234459.368586,7.463419,29.100606,2.829,0.9618284184405500,,,50.3854,3.70246,15.6217,1.68363,15.1312,0.697926,0.704336,4.51352,5.61446,1.94546,7.7
1,12000.00,1455.15,clinopyroxene_0,0.035679,0.080602,-410.046885,0.010120,0.039695,,0.9618284184405500,cpx,Na0.08Ca0.84Fe''0.36Mg0.30Fe'''0.11Ti0.28Al0.64Si1.39O6,35.5781,9.50173,13.9427,3.68531,10.9569,0,5.23367,19.9792,1.12235,0,
2,12000.00,1455.15,feldspar_0,1.285215,3.202633,-17034.897213,0.488893,1.582124,,0.9618284184405500,,K0.05Na0.61Ca0.33Al1.33Si2.67O8,59.6657,0,25.3544,0,0,0,0,6.99542,7.09652,0.887975,
3,12000.00,1455.15,spinel_0,0.591907,1.277418,-3358.459523,0.126563,0.550322,,0.9618284184405500,,Fe''1.49Mg0.11Fe'''0.50Al0.28Cr0.00Ti0.61O4,0,22.6301,6.65887,18.6237,49.9373,0,2.14998,0,0,0,
0,12000.00,1453.15,liquid_0,20.677173,54.360167,-225623.144491,7.188025,27.970973,2.858,0.9608359929064217,,,50.6534,3.61741,15.4484,1.68821,15.0837,0.725438,0.688018,4.45125,5.64638,1.99765,7.5
1,12000.00,1453.15,garnet_0,0.035383,0.079180,-391.107692,0.009146,0.039440,,0.9608359929064217,,(Ca0.21Fe''0.54Mg0.26)3Al2Si3O12,38.8692,0,21.9866,0,24.9342,0,6.65847,7.55149,0,0,
2,12000.00,1453.15,clinopyroxene_0,0.051809,0.117199,-593.780685,0.014733,0.057685,,0.9608359929064217,cpx,Na0.09Ca0.83Fe''0.37Mg0.31Fe'''0.11Ti0.25Al0.61Si1.43O6,36.6125,8.67549,13.3118,3.82492,11.2983,0,5.34408,19.7593,1.17356,0,
3,12000.00,1453.15,feldspar_0,0.540573,1.346603,-7164.213364,0.205732,0.665295,,0.9608359929064217,,K0.05Na0.62Ca0.33Al1.33Si2.67O8,59.8393,0,25.2261,0,0,0,0,6.84915,7.1471,0.938356,
4,12000.00,1453.15,spinel_0,0.192840,0.415720,-1090.449510,0.041202,0.179116,,0.9608359929064217,,Fe''1.50Mg0.11Fe'''0.51Al0.28Cr0.00Ti0.61O4,0,22.6041,6.51443,18.8207,49.9532,0,2.10749,0,0,0,
0,12000.00,1451.15,liquid_0,19.873785,52.216031,-216929.016799,6.916391,26.858993,2.888,0.9607976879790235,,,50.9237,3.52937,15.2905,1.69145,15.0308,0.754763,0.670158,4.38038,5.67694,2.05188,7.4
1,12000.00,1451.15,garnet_0,0.009106,0.020356,-100.553712,0.002352,0.010143,,0.9607976879790235,,(Ca0.21Fe''0.54Mg0.25)3Al2Si3O12,38.847,0,21.9741,0,25.0577,0,6.5863,7.53484,0,0,
2,12000.00,1451.15,clinopyroxene_0,0.075676,0.172857,-859.476922,0.021833,0.084878,,0.9607976879790235,cpx,Na0.11Ca0.76Fe''0.42Mg0.35Fe'''0.12Ti0.13Al0.50Si1.62O6,41.7321,4.4078,10.9141,4.11125,13.0176,0,6.12774,18.289,1.40036,0,
3,12000.00,1451.15,feldspar_0,0.532297,1.325543,-7053.614562,0.202684,0.654945,,0.9607976879790235,,K0.06Na0.62Ca0.32Al1.32Si2.68O8,60.0167,0,25.0945,0,0,0,0,6.69918,7.19745,0.992168,
4,12000.00,1451.15,spinel_0,0.192984,0.415580,-1087.632476,0.041202,0.179079,,0.9607976879790235,,Fe''1.50Mg0.11Fe'''0.51Al0.27Cr0.00Ti0.61O4,0,22.5594,6.38631,19.0336,49.9577,0,2.06294,0,0,0,
0,12000.00,1449.15,liquid_0,19.101064,50.154983,-208577.193883,6.655152,25.789783,2.918,0.9615873294235611,,,51.1986,3.43927,15.1432,1.69377,14.9735,0.785297,0.648999,4.30134,5.70877,2.10723,7.2
1,12000.00,1449.15,clinopyroxene_0,0.090891,0.207760,-1029.279628,0.026271,0.102036,,0.9615873294235611,cpx,Na0.11Ca0.74Fe''0.44Mg0.36Fe'''0.12Ti0.11Al0.48Si1.65O6,42.629,3.66647,10.4806,4.11042,13.5453,0,6.22913,17.8952,1.44391,0,
2,12000.00,1449.15,feldspar_0,0.504386,1.255625,-6682.782551,0.192157,0.620441,,0.9615873294235611,,K0.06Na0.63Ca0.31Al1.31Si2.69O8,60.2003,0,24.9579,0,0,0,0,6.54363,7.24862,1.04947,
3,12000.00,1449.15,spinel_0,0.184081,0.395973,-1033.928405,0.039270,0.170653,,0.9615873294235611,,Fe''1.50Mg0.11Fe'''0.52Al0.27Cr0.00Ti0.61O4,0,22.5013,6.26736,19.2588,49.9593,0,2.01319,0,0,0,
0,12000.00,1447.15,liquid_0,18.372620,48.212187,-200699.045402,6.408551,24.782513,2.948,0.9623543300183972,,,51.4673,3.35224,14.9978,1.69609,14.9167,0.816432,0.627204,4.22424,5.7398,2.16213,7.0
1,12000.00,1447.15,clinopyroxene_0,0.087129,0.199139,-984.205701,0.025199,0.097825,,0.9623543300183972,cpx,Na0.11Ca0.73Fe''0.45Mg0.36Fe'''0.12Ti0.09Al0.46Si1.67O6,43.1301,3.25827,10.197,4.11118,13.9392,0,6.25547,17.6393,1.46961,0,
2,12000.00,1447.15,feldspar_0,0.475381,1.183019,-6297.530525,0.181203,0.584605,,0.9623543300183972,,K0.06Na0.63Ca0.31Al1.31Si2.69O8,60.3818,0,24.8223,0,0,0,0,6.38936,7.2973,1.10929,
3,12000.00,1447.15,spinel_0,0.171424,0.368338,-959.546768,0.036540,0.158766,,0.9623543300183972,,Fe''1.50Mg0.11Fe'''0.53Al0.26Cr0.00Ti0.61O4,0,22.4382,6.15219,19.4885,49.9586,0,1.9624,0,0,0,
0,12000.00,1445.15,liquid_0,17.686119,46.381277,-193267.972871,6.175790,23.833907,2.978,0.9631135726022971,,,51.7289,3.26792,14.8541,1.69846,14.8618,0.848123,0.605357,4.14926,5.76966,2.21637,6.8
1,12000.00,1445.15,clinopyroxene_0,0.083162,0.189997,-937.140518,0.024057,0.093355,,0.9631135726022971,cpx,Na0.11Ca0.72Fe''0.46Mg0.36Fe'''0.12Ti0.09Al0.45Si1.68O6,43.4921,2.96563,9.9643,4.11478,14.2883,0,6.25269,17.4332,1.48892,0,
2,12000.00,1445.15,feldspar_0,0.449018,1.117018,-5947.325711,0.171244,0.552028,,0.9631135726022971,,K0.07Na0.64Ca0.30Al1.30Si2.70O8,60.5607,0,24.6877,0,0,0,0,6.23661,7.34324,1.17174,
3,12000.00,1445.15,spinel_0,0.159672,0.342708,-890.723422,0.034008,0.147741,,0.9631135726022971,,Fe''1.50Mg0.10Fe'''0.53Al0.26Cr0.00Ti0.61O4,0,22.3694,6.04133,19.7241,49.9537,0,1.91142,0,0,0,
0,12000.00,1443.15,liquid_0,17.038768,44.654775,-186253.797991,5.955953,22.940025,3.006,0.9638464332496923,,,51.9832,3.18618,14.7117,1.70095,14.8093,0.880345,0.583654,4.07651,5.7983,2.26982,6.6
1,12000.00,1443.15,clinopyroxene_0,0.079109,0.180636,-889.352457,0.022884,0.088775,,0.9638464332496923,cpx,Na0.11Ca0.72Fe''0.47Mg0.36Fe'''0.12Ti0.08Al0.45Si1.69O6,43.7777,2.73552,9.75923,4.12101,14.6144,0,6.23223,17.2552,1.50469,0,
2,12000.00,1443.15,feldspar_0,0.424677,1.056082,-5623.988317,0.162046,0.521951,,0.9638464332496923,,K0.07Na0.64Ca0.29Al1.29Si2.71O8,60.737,0,24.5543,0,0,0,0,6.08537,7.38638,1.23695,
3,12000.00,1443.15,spinel_0,0.148784,0.318988,-827.174883,0.031664,0.137538,,0.9638464332496923,,Fe''1.50Mg0.10Fe'''0.54Al0.25Cr0.00Ti0.60O4,0,22.2952,5.93451,19.9656,49.9442,0,1.86054,0,0,0,
0,12000.00,1441.15,liquid_0,16.427670,43.024957,-179625.532567,5.748090,22.096796,3.033,0.9645443735821522,,,52.2304,3.10692,14.5704,1.70357,14.7593,0.913094,0.562202,4.006,5.82573,2.32237,6.4
1,12000.00,1441.15,clinopyroxene_0,0.075174,0.171535,-843.108927,0.021742,0.084319,,0.9645443735821522,cpx,Na0.11Ca0.71Fe''0.48Mg0.36Fe'''0.12Ti0.07Al0.44Si1.70O6,44.0135,2.54542,9.57206,4.12959,14.9263,0,6.19906,17.0959,1.51814,0,
2,12000.00,1441.15,feldspar_0,0.402257,0.999950,-5326.130429,0.153572,0.494244,,0.9645443735821522,,K0.07Na0.64Ca0.28Al1.28Si2.72O8,60.9109,0,24.4218,0,0,0,0,5.93553,7.42664,1.30508,
3,12000.00,1441.15,spinel_0,0.138766,0.297182,-768.875882,0.029509,0.128160,,0.9645443735821522,,Fe''1.50Mg0.10Fe'''0.55Al0.25Cr0.00Ti0.60O4,0,22.2157,5.83141,20.2129,49.9301,0,1.80991,0,0,0,
0,12000.00,1439.15,liquid_0,15.850027,41.484376,-173353.360665,5.551284,21.300290,3.059,0.9652030962966005,,,52.4706,3.03005,14.4299,1.70634,14.712,0.946371,0.541068,3.93772,5.85201,2.37395,6.2
1,12000.00,1439.15,clinopyroxene_0,0.071434,0.162878,-799.255573,0.020654,0.080079,,0.9652030962966005,cpx,Na0.11Ca0.70Fe''0.49Mg0.36Fe'''0.12Ti0.07Al0.43Si1.71O6,44.2136,2.38347,9.39769,4.1403,15.2289,0,6.15588,16.9502,1.52992,0,
2,12000.00,1439.15,feldspar_0,0.381623,0.948288,-5051.986481,0.145771,0.468742,,0.9652030962966005,,K0.08Na0.65Ca0.28Al1.28Si2.72O8,61.0825,0,24.2903,0,0,0,0,5.78696,7.46399,1.37633,
3,12000.00,1439.15,spinel_0,0.129574,0.277190,-715.526486,0.027532,0.119562,,0.9652030962966005,,Fe''1.51Mg0.09Fe'''0.56Al0.24Cr0.00Ti0.60O4,0,22.1312,5.73171,20.4661,49.9114,0,1.75966,0,0,0,
0,12000.00,1437.15,liquid_0,15.303209,40.026043,-167409.300612,5.364673,20.546821,3.085,0.9658189388335947,,,52.7039,2.95547,14.29,1.70929,14.6676,0.980187,0.520291,3.87164,5.87718,2.42449,5.9
1,12000.00,1437.15,clinopyroxene_0,0.067917,0.154734,-758.091502,0.019630,0.076088,,0.9658189388335947,cpx,Na0.12Ca0.70Fe''0.50Mg0.35Fe'''0.12Ti0.07Al0.42Si1.72O6,44.3865,2.24257,9.23307,4.15297,15.5248,0,6.10435,16.8153,1.54044,0,
2,12000.00,1437.15,feldspar_0,0.362639,0.900753,-4799.728631,0.138593,0.445276,,0.9658189388335947,,K0.08Na0.65Ca0.27Al1.27Si2.73O8,61.2518,0,24.1594,0,0,0,0,5.63951,7.49835,1.45091,
3,12000.00,1437.15,spinel_0,0.121146,0.258875,-666.743214,0.025722,0.111685,,0.9658189388335947,,Fe''1.51Mg0.09Fe'''0.56Al0.24Cr0.00Ti0.60O4,0,22.042,5.6351,20.725,49.8881,0,1.70983,0,0,0,
0,12000.00,1435.15,liquid_0,14.784754,38.643414,-161767.133524,5.187447,19.832941,3.109,0.9663912000906482,,,52.9305,2.88312,14.1505,1.71241,14.6261,1.01456,0.499898,3.80772,5.90131,2.4739,5.7
1,12000.00,1435.15,clinopyroxene_0,0.064631,0.147118,-719.668513,0.018672,0.072356,,0.9663912000906482,cpx,Na0.12Ca0.69Fe''0.51Mg0.35Fe'''0.12Ti0.06Al0.42Si1.73O6,44.5377,2.1181,9.07618,4.16748,15.8158,0,6.04555,16.6892,1.54997,0,
2,12000.00,1435.15,feldspar_0,0.345190,0.857047,-4567.856542,0.131995,0.424120,,0.9663912000906482,,K0.09Na0.65Ca0.26Al1.26Si2.74O8,61.4191,0,24.0292,0,0,0,0,5.49299,7.52966,1.52909,
3,12000.00,1435.15,spinel_0,0.113422,0.242104,-622.146955,0.024063,0.104473,,0.9663912000906482,,Fe''1.51Mg0.09Fe'''0.57Al0.24Cr0.00Ti0.60O4,0,21.9483,5.54129,20.9894,49.8605,0,1.66049,0,0,0,
0,12000.00,1433.15,liquid_0,14.292399,37.330481,-156402.756753,5.018861,19.155483,3.132,0.9669217597834621,,,53.1506,2.8129,14.0113,1.71574,14.5875,1.04951,0.479904,3.74592,5.92447,2.52213,5.5
1,12000.00,1433.15,clinopyroxene_0,0.061571,0.140024,-683.923446,0.017779,0.068878,,0.9669217597834621,cpx,Na0.12Ca0.69Fe''0.52Mg0.35Fe'''0.12Ti0.06Al0.41Si1.73O6,44.6711,2.00687,8.9256,4.18371,16.1031,0,5.98026,16.5707,1.55868,0,
2,12000.00,1433.15,feldspar_0,0.329146,0.816862,-4354.592599,0.125928,0.404286,,0.9669217597834621,,K0.09Na0.65Ca0.26Al1.26Si2.74O8,61.5846,0,23.8993,0,0,0,0,5.34722,7.55782,1.61115,
3,12000.00,1433.15,spinel_0,0.106339,0.226733,-581.343985,0.022543,0.097864,,0.9669217597834621,,Fe''1.51Mg0.09Fe'''0.58Al0.23Cr0.00Ti0.59O4,0,21.8504,5.45,21.2593,49.8286,0,1.61166,0,0,0,
0,12000.00,1431.15,liquid_0,13.824098,36.081811,-151294.404157,4.858241,18.511587,3.155,0.9674084845185941,,,53.3644,2.74476,13.8721,1.71927,14.5521,1.08506,0.460318,3.68618,5.94673,2.56909,5.3
1,12000.00,1431.15,clinopyroxene_0,0.058728,0.133430,-650.735849,0.016948,0.065644,,0.9674084845185941,cpx,Na0.12Ca0.69Fe''0.53Mg0.34Fe'''0.12Ti0.06Al0.40Si1.74O6,44.7894,1.90659,8.78031,4.2016,16.3874,0,5.90905,16.4589,1.56673,0,
2,12000.00,1431.15,feldspar_0,0.314361,0.779826,-4158.029215,0.120337,0.386005,,0.9674084845185941,,K0.10Na0.66Ca0.25Al1.25Si2.75O8,61.7483,0,23.7696,0,0,0,0,5.20201,7.58273,1.69739,
3,12000.00,1431.15,spinel_0,0.099831,0.212622,-543.945362,0.021147,0.091796,,0.9674084845185941,,Fe''1.51Mg0.08Fe'''0.59Al0.23Cr0.00Ti0.59O4,0,21.7486,5.36096,21.5344,49.7926,0,1.56337,0,0,0,
0,12000.00,1429.15,liquid_0,13.377946,34.892346,-146421.743981,4.704957,17.898589,3.176,0.9678509645256197,,,53.572,2.67863,13.7329,1.72303,14.5197,1.12125,0.441142,3.62848,5.96818,2.61469,5.1
1,12000.00,1429.15,clinopyroxene_0,0.056090,0.127309,-619.955618,0.016177,0.062641,,0.9678509645256197,cpx,Na0.12Ca0.68Fe''0.54Mg0.34Fe'''0.12Ti0.05Al0.40Si1.75O6,44.8949,1.81554,8.63951,4.22109,16.6692,0,5.83232,16.3531,1.57421,0,
2,12000.00,1429.15,feldspar_0,0.300758,0.745742,-3977.118776,0.115194,0.369181,,0.9678509645256197,,K0.10Na0.66Ca0.24Al1.24Si2.76O8,61.9105,0,23.6399,0,0,0,0,5.05719,7.60425,1.78815,
3,12000.00,1429.15,spinel_0,0.093849,0.199661,-509.647078,0.019864,0.086223,,0.9678509645256197,,Fe''1.51Mg0.08Fe'''0.59Al0.23Cr0.00Ti0.59O4,0,21.6431,5.27395,21.8146,49.7527,0,1.51562,0,0,0,
0,12000.00,1427.15,liquid_0,12.952189,33.757433,-141766.033973,4.558429,17.314042,3.196,0.9682486973456255,,,53.7735,2.61443,13.5934,1.72704,14.4906,1.15811,0.422378,3.57276,5.9889,2.65885,4.9
1,12000.00,1427.15,clinopyroxene_0,0.053644,0.121631,-591.427460,0.015461,0.059855,,0.9682486973456255,cpx,Na0.12Ca0.68Fe''0.55Mg0.33Fe'''0.12Ti0.05Al0.39Si1.75O6,44.9892,1.73241,8.50256,4.24213,16.9491,0,5.75043,16.253,1.58121,0,
2,12000.00,1427.15,feldspar_0,0.288245,0.714381,-3810.654772,0.110463,0.353701,,0.9682486973456255,,K0.11Na0.66Ca0.23Al1.23Si2.77O8,62.0713,0,23.51,0,0,0,0,4.91253,7.62224,1.88384,
3,12000.00,1427.15,spinel_0,0.088343,0.187740,-478.151642,0.018685,0.081098,,0.9682486973456255,,Fe''1.51Mg0.08Fe'''0.60Al0.22Cr0.00Ti0.59O4,0,21.5341,5.18872,22.0997,49.7091,0,1.46843,0,0,0,
0,12000.00,1425.15,liquid_0,12.545211,32.672784,-137309.963681,4.418120,16.755693,3.216,0.9686009978551480,,,53.9691,2.55213,13.4535,1.7313,14.4649,1.19568,0.404024,3.519,6.00896,2.70147,4.7
1,12000.00,1425.15,clinopyroxene_0,0.051377,0.116366,-564.997778,0.014798,0.057271,,0.9686009978551480,cpx,Na0.12Ca0.67Fe''0.56Mg0.33Fe'''0.13Ti0.05Al0.38Si1.76O6,45.0736,1.65615,8.36894,4.26471,17.227,0,5.66361,16.1581,1.58781,0,
2,12000.00,1425.15,feldspar_0,0.276742,0.685542,-3657.564313,0.106116,0.339465,,0.9686009978551480,,K0.11Na0.66Ca0.23Al1.23Si2.77O8,62.231,0,23.3798,0,0,0,0,4.76783,7.63649,1.98491,
3,12000.00,1425.15,spinel_0,0.083269,0.176762,-449.190304,0.017598,0.076378,,0.9686009978551480,,Fe''1.51Mg0.08Fe'''0.61Al0.22Cr0.00Ti0.58O4,0,21.422,5.10505,22.3893,49.6619,0,1.42181,0,0,0,
0,12000.00,1423.15,liquid_0,12.155518,31.634439,-133037.503018,4.283532,16.221459,3.234,0.9689069346085859,,,54.1589,2.49167,13.3128,1.73585,14.4426,1.23401,0.386076,3.46717,6.02845,2.74244,4.5
1,12000.00,1423.15,clinopyroxene_0,0.049278,0.111488,-540.519950,0.014183,0.054877,,0.9689069346085859,cpx,Na0.12Ca0.67Fe''0.57Mg0.32Fe'''0.13Ti0.05Al0.38Si1.76O6,45.1491,1.58594,8.23821,4.2888,17.5034,0,5.5721,16.0684,1.59406,0,
2,12000.00,1423.15,feldspar_0,0.266179,0.659046,-3516.898475,0.102125,0.326385,,0.9689069346085859,,K0.12Na0.66Ca0.22Al1.22Si2.78O8,62.3896,0,23.2489,0,0,0,0,4.62286,7.64679,2.09187,
3,12000.00,1423.15,spinel_0,0.078587,0.166637,-422.520861,0.016596,0.072025,,0.9689069346085859,,Fe''1.51Mg0.07Fe'''0.62Al0.22Cr0.00Ti0.58O4,0,21.3069,5.02274,22.6833,49.6113,0,1.37574,0,0,0,
0,12000.00,1421.15,liquid_0,11.781726,30.638734,-128933.760813,4.154203,15.709418,3.252,0.9691652897120967,,,54.343,2.433,13.1713,1.7407,14.424,1.27316,0.36853,3.41724,6.04746,2.78161,4.4
1,12000.00,1421.15,clinopyroxene_0,0.047334,0.106970,-517.857122,0.013613,0.052659,,0.9691652897120967,cpx,Na0.12Ca0.67Fe''0.58Mg0.32Fe'''0.13Ti0.04Al0.37Si1.77O6,45.2167,1.52111,8.11001,4.31439,17.7781,0,5.47604,15.9836,1.60001,0,
2,12000.00,1421.15,feldspar_0,0.256492,0.634734,-3387.821613,0.098467,0.314383,,0.9691652897120967,,K0.13Na0.66Ca0.21Al1.21Si2.79O8,62.5473,0,23.1172,0,0,0,0,4.47737,7.65288,2.20529,
3,12000.00,1421.15,spinel_0,0.074260,0.157287,-397.925116,0.015670,0.068005,,0.9691652897120967,,Fe''1.51Mg0.07Fe'''0.63Al0.21Cr0.00Ti0.58O4,0,21.1892,4.94159,22.9813,49.5577,0,1.33024,0,0,0,
0,12000.00,1419.15,liquid_0,11.422552,29.682264,-124984.855947,4.029702,15.217781,3.268,0.9693745474298792,,,54.5213,2.37608,13.0286,1.74588,14.4094,1.31319,0.351379,3.36919,6.06609,2.81885,4.2
1,12000.00,1419.15,clinopyroxene_0,0.045536,0.102787,-496.883527,0.013086,0.050605,,0.9693745474298792,cpx,Na0.12Ca0.67Fe''0.59Mg0.31Fe'''0.13Ti0.04Al0.37Si1.77O6,45.277,1.46112,7.98402,4.34149,18.0514,0,5.37557,15.9037,1.60572,0,
2,12000.00,1419.15,feldspar_0,0.247626,0.612470,-3269.599581,0.095122,0.303392,,0.9693745474298792,,K0.13Na0.66Ca0.21Al1.21Si2.79O8,62.7043,0,22.9843,0,0,0,0,4.33112,7.65445,2.32583,
3,12000.00,1419.15,spinel_0,0.070255,0.148637,-375.206216,0.014814,0.064287,,0.9693745474298792,,Fe''1.51Mg0.07Fe'''0.64Al0.21Cr0.00Ti0.58O4,0,21.0692,4.86139,23.2829,49.5012,0,1.28529,0,0,0,
0,12000.00,1417.15,liquid_0,11.076796,28.761859,-121177.803814,3.909624,14.744887,3.283,0.9695329264220893,,,54.694,2.32087,12.8846,1.75142,14.3989,1.35418,0.334617,3.32301,6.08443,2.85398,4.0
1,12000.00,1417.15,clinopyroxene_0,0.043874,0.098918,-477.484884,0.012598,0.048705,,0.9695329264220893,cpx,Na0.12Ca0.66Fe''0.60Mg0.31Fe'''0.13Ti0.04Al0.36Si1.77O6,45.3308,1.40551,7.85996,4.37011,18.323,0,5.27081,15.8286,1.61123,0,
2,12000.00,1417.15,feldspar_0,0.239534,0.592130,-3161.586112,0.092072,0.293350,,0.9695329264220893,,K0.14Na0.66Ca0.20Al1.20Si2.80O8,62.8607,0,22.8501,0,0,0,0,4.18385,7.65113,2.45422,
3,12000.00,1417.15,spinel_0,0.066541,0.140622,-354.185948,0.014020,0.060842,,0.9695329264220893,,Fe''1.51Mg0.07Fe'''0.65Al0.21Cr0.00Ti0.57O4,0,20.9473,4.78196,23.5878,49.4421,0,1.24088,0,0,0,
0,12000.00,1415.15,liquid_0,10.743340,27.874560,-117500.422162,3.793592,14.289184,3.297,0.9696384846935982,,,54.861,2.26737,12.7388,1.75737,14.3929,1.39621,0.318237,3.27871,6.10262,2.88679,3.8
1,12000.00,1415.15,clinopyroxene_0,0.042339,0.095341,-459.558134,0.012147,0.046948,,0.9696384846935982,cpx,Na0.12Ca0.66Fe''0.61Mg0.30Fe'''0.13Ti0.04Al0.36Si1.78O6,45.3784,1.35389,7.73758,4.40027,18.593,0,5.16181,15.7584,1.61657,0,
2,12000.00,1415.15,feldspar_0,0.232173,0.573607,-3063.205709,0.089301,0.284204,,0.9696384846935982,,K0.15Na0.66Ca0.19Al1.19Si2.81O8,63.0168,0,22.7141,0,0,0,0,4.03529,7.6425,2.59129,
3,12000.00,1415.15,spinel_0,0.063092,0.133182,-334.702027,0.013283,0.057643,,0.9696384846935982,,Fe''1.51Mg0.07Fe'''0.66Al0.20Cr0.00Ti0.57O4,0,20.8237,4.70312,23.8953,49.3809,0,1.19702,0,0,0,
0,12000.00,1413.15,liquid_0,10.421137,27.017600,-113941.263100,3.681249,13.849221,3.310,0.9696893480115157,,,55.0223,2.21553,12.591,1.76376,14.3917,1.43938,0.302231,3.23628,6.12075,2.91704,3.6
1,12000.00,1413.15,clinopyroxene_0,0.040924,0.092040,-443.010620,0.011731,0.045327,,0.9696893480115157,cpx,Na0.12Ca0.66Fe''0.62Mg0.30Fe'''0.13Ti0.04Al0.35Si1.78O6,45.4205,1.30597,7.61669,4.43199,18.8612,0,5.04865,15.6932,1.62179,0,
2,12000.00,1413.15,feldspar_0,0.225504,0.556799,-2973.930283,0.086795,0.275906,,0.9696893480115157,,K0.16Na0.66Ca0.19Al1.19Si2.81O8,63.1725,0,22.5762,0,0,0,0,3.88518,7.6281,2.73794,
3,12000.00,1413.15,spinel_0,0.059881,0.126262,-316.605296,0.012598,0.054668,,0.9696893480115157,,Fe''1.51Mg0.06Fe'''0.66Al0.20Cr0.00Ti0.57O4,0,20.6989,4.62467,24.2049,49.3178,0,1.15368,0,0,0,
0,12000.00,1411.15,liquid_0,10.109206,26.188396,-110489.582624,3.572260,13.423647,3.321,0.9696841452737542,,,55.1777,2.16536,12.4409,1.77064,14.3959,1.4838,0.286592,3.19575,6.13898,2.94446,3.4
1,12000.00,1411.15,clinopyroxene_0,0.039622,0.088998,-427.758571,0.011348,0.043833,,0.9696841452737542,cpx,Na0.12Ca0.66Fe''0.63Mg0.29Fe'''0.13Ti0.04Al0.35Si1.79O6,45.4572,1.26148,7.49709,4.46533,19.1275,0,4.93137,15.6331,1.62693,0,
2,12000.00,1411.15,feldspar_0,0.219488,0.541611,-2893.245025,0.084539,0.268407,,0.9696841452737542,,K0.16Na0.66Ca0.18Al1.18Si2.82O8,63.3281,0,22.4361,0,0,0,0,3.73327,7.60737,2.89515,
3,12000.00,1411.15,spinel_0,0.056885,0.119808,-299.756763,0.011959,0.051894,,0.9696841452737542,,Fe''1.50Mg0.06Fe'''0.67Al0.20Cr0.00Ti0.57O4,0,20.5735,4.54644,24.5159,49.2533,0,1.11085,0,0,0,
0,12000.00,1409.15,liquid_0,9.806641,25.384555,-107135.366170,3.466314,13.011208,3.331,0.9696227787800766,,,55.327,2.11685,12.288,1.77807,14.4058,1.52958,0.271311,3.15714,6.15747,2.96872,3.2
1,12000.00,1409.15,clinopyroxene_0,0.038426,0.086200,-413.724612,0.010996,0.042458,,0.9696227787800766,cpx,Na0.12Ca0.66Fe''0.64Mg0.28Fe'''0.13Ti0.04Al0.34Si1.79O6,45.4891,1.22022,7.37867,4.50031,19.3916,0,4.80997,15.5781,1.63203,0,
2,12000.00,1409.15,feldspar_0,0.214085,0.527938,-2820.596693,0.082519,0.261656,,0.9696227787800766,,K0.17Na0.65Ca0.17Al1.17Si2.83O8,63.4835,0,22.2935,0,0,0,0,3.57938,7.57973,3.06393,
3,12000.00,1409.15,spinel_0,0.054080,0.113772,-284.024350,0.011361,0.049300,,0.9696227787800766,,Fe''1.50Mg0.06Fe'''0.68Al0.19Cr0.00Ti0.56O4,0,20.4479,4.46825,24.8274,49.1879,0,1.06852,0,0,0,
0,12000.00,1407.15,liquid_0,9.512610,24.603892,-103869.438794,3.363123,12.610760,3.340,0.9695077056568876,,,55.4702,2.07001,12.132,1.7861,14.4222,1.57685,0.256379,3.1205,6.17638,2.98942,3.1
1,12000.00,1407.15,clinopyroxene_0,0.037330,0.083632,-400.833705,0.010673,0.041197,,0.9695077056568876,cpx,Na0.12Ca0.65Fe''0.65Mg0.27Fe'''0.13Ti0.03Al0.34Si1.79O6,45.5162,1.18201,7.26131,4.53701,19.6534,0,4.68446,15.5284,1.63715,0,
2,12000.00,1407.15,feldspar_0,0.209244,0.515652,-2755.314670,0.080715,0.255590,,0.9695077056568876,,K0.18Na0.65Ca0.16Al1.16Si2.84O8,63.6385,0,22.1483,0,0,0,0,3.42338,7.54455,3.24526,
3,12000.00,1407.15,spinel_0,0.051445,0.108104,-269.279260,0.010799,0.046863,,0.9695077056568876,,Fe''1.50Mg0.06Fe'''0.69Al0.19Cr0.00Ti0.56O4,0,20.3228,4.38993,25.1384,49.1223,0,1.02668,0,0,0,
0,12000.00,1405.15,liquid_0,9.226381,23.844481,-100683.700826,3.262434,12.221296,3.347,0.9570176900214741,,,55.6068,2.02487,11.9724,1.79481,14.4456,1.62577,0.241789,3.08588,6.19593,3.00611,2.9
1,12000.00,1405.15,clinopyroxene_0,0.036328,0.081277,-389.006681,0.010377,0.040040,,0.9570176900214741,cpx,Na0.13Ca0.65Fe''0.66Mg0.27Fe'''0.14Ti0.03Al0.33Si1.79O6,45.5389,1.14674,7.14497,4.57549,19.9124,0,4.55485,15.4843,1.64233,0,
2,12000.00,1405.15,feldspar_0,0.204898,0.504583,-2696.493135,0.079101,0.250125,,0.9570176900214741,,K0.20Na0.65Ca0.16Al1.16Si2.84O8,63.793,0,22.0004,0,0,0,0,3.26534,7.50124,3.43997,
3,12000.00,1405.15,spinel_0,0.048955,0.102755,-255.392008,0.010269,0.044563,,0.9570176900214741,,Fe''1.50Mg0.05Fe'''0.70Al0.19Cr0.00Ti0.56O4,0,20.1989,4.31135,25.4474,49.057,0,0.985309,0,0,0,
0,12000.00,1403.15,liquid_0,8.832710,22.806191,-96293.861708,3.122492,11.690792,3.346,0.9325753705723081,,,55.6658,1.98186,11.8505,1.80311,14.4905,1.69823,0.227988,3.05735,6.18789,3.03668,2.7
1,12000.00,1403.15,clinopyroxene_0,0.046431,0.103737,-495.856014,0.013250,0.051109,,0.9325753705723081,cpx,Na0.13Ca0.65Fe''0.67Mg0.26Fe'''0.14Ti0.03Al0.33Si1.80O6,45.5453,1.11161,7.0496,4.62191,20.1571,0,4.41848,15.4495,1.64642,0,
2,12000.00,1403.15,aenigmatite,0.083698,0.191063,-707.433143,0.022201,0.089114,,0.9325753705723081,,Na2Fe5TiSi6O20,,,,,,,,,,,
3,12000.00,1403.15,feldspar_0,0.248056,0.610360,-3261.853892,0.095851,0.302566,,0.9325753705723081,,K0.21Na0.64Ca0.15Al1.15Si2.85O8,63.9463,0,21.8395,0,0,0,0,3.09684,7.42108,3.69622,
4,12000.00,1403.15,spinel_0,0.018517,0.038821,-96.265283,0.003881,0.016844,,0.9325753705723081,,Fe''1.50Mg0.05Fe'''0.71Al0.18Cr0.00Ti0.55O4,0,20.0126,4.25975,25.8453,48.9385,0,0.943822,0,0,0,
0,12000.00,1401.15,liquid_0,8.240182,21.254827,-89745.805005,2.912293,10.897981,3.341,0.8980512504870105,,,55.7102,1.90499,11.7561,1.8076,14.507,1.82035,0.21242,3.04092,6.15375,3.0867,2.5
1,12000.00,1401.15,clinopyroxene_0,0.063142,0.140866,-672.593373,0.018005,0.069407,,0.8980512504870105,cpx,Na0.13Ca0.65Fe''0.67Mg0.25Fe'''0.14Ti0.03Al0.32Si1.80O6,45.553,1.05869,6.96078,4.68346,20.3766,0,4.25596,15.4616,1.64995,0,
2,12000.00,1401.15,aenigmatite,0.191013,0.435746,-1614.883645,0.050667,0.203342,,0.8980512504870105,,Na2Fe5TiSi6O20,,,,,,,,,,,
3,12000.00,1401.15,feldspar_0,0.341605,0.839683,-4486.575950,0.132158,0.416196,,0.8980512504870105,,K0.23Na0.63Ca0.14Al1.14Si2.86O8,64.113,0,21.6429,0,0,0,0,2.89571,7.27693,4.07149,
0,12000.00,1399.15,liquid_0,7.401672,19.075587,-80613.794357,2.617506,9.781708,3.350,0.8881890009269393,,,55.8703,1.83503,11.6011,1.81173,14.4192,1.90829,0.174155,3.09601,6.14645,3.13772,2.1
1,12000.00,1399.15,olivine_0,0.070444,0.148607,-482.460230,0.017161,0.069143,,0.8881890009269393,,(Ca0.01Mg0.11Fe''0.72Mn0.17Co0.00Ni0.00)2SiO4,30.4966,0,0,0,52.5879,12.4281,4.00636,0.481016,0,0,
2,12000.00,1399.15,clinopyroxene_0,0.048206,0.107251,-512.264926,0.013729,0.052832,,0.8881890009269393,cpx,Na0.13Ca0.67Fe''0.67Mg0.22Fe'''0.15Ti0.03Al0.32Si1.80O6,45.3586,1.09667,6.94337,4.91241,20.3359,0,3.80391,15.8731,1.67602,0,
3,12000.00,1399.15,aenigmatite,0.223512,0.509543,-1890.111647,0.059287,0.237900,,0.8881890009269393,,Na2Fe5TiSi6O20,,,,,,,,,,,
4,12000.00,1399.15,feldspar_0,0.498092,1.222921,-6534.244720,0.192902,0.606143,,0.8881890009269393,,K0.25Na0.62Ca0.13Al1.13Si2.87O8,64.2307,0,21.4793,0,0,0,0,2.73328,7.11034,4.44639,
